-- --------------------------------------------------------
-- Servidor:                     127.0.0.1
-- Versão do servidor:           10.4.32-MariaDB - mariadb.org binary distribution
-- OS do Servidor:               Win64
-- HeidiSQL Versão:              12.8.0.6908
-- --------------------------------------------------------

/*!40101 SET @OLD_CHARACTER_SET_CLIENT=@@CHARACTER_SET_CLIENT */;
/*!40101 SET NAMES utf8 */;
/*!50503 SET NAMES utf8mb4 */;
/*!40103 SET @OLD_TIME_ZONE=@@TIME_ZONE */;
/*!40103 SET TIME_ZONE='+00:00' */;
/*!40014 SET @OLD_FOREIGN_KEY_CHECKS=@@FOREIGN_KEY_CHECKS, FOREIGN_KEY_CHECKS=0 */;
/*!40101 SET @OLD_SQL_MODE=@@SQL_MODE, SQL_MODE='NO_AUTO_VALUE_ON_ZERO' */;
/*!40111 SET @OLD_SQL_NOTES=@@SQL_NOTES, SQL_NOTES=0 */;


-- Copiando estrutura do banco de dados para tcc_interclasse
CREATE DATABASE IF NOT EXISTS `tcc_interclasse` /*!40100 DEFAULT CHARACTER SET utf8mb4 COLLATE utf8mb4_unicode_ci */;
USE `tcc_interclasse`;

-- Copiando estrutura para tabela tcc_interclasse.categoria
CREATE TABLE IF NOT EXISTS `categoria` (
  `id_categoria` int(11) NOT NULL AUTO_INCREMENT,
  `nome_categoria` varchar(50) NOT NULL,
  `genero_categoria` varchar(10) NOT NULL,
  `fk_id_modalidade` int(11) NOT NULL,
  PRIMARY KEY (`id_categoria`),
  KEY `Categoria_fk_id_modalidade_fkey` (`fk_id_modalidade`),
  CONSTRAINT `Categoria_fk_id_modalidade_fkey` FOREIGN KEY (`fk_id_modalidade`) REFERENCES `modalidade` (`id_modalidade`) ON UPDATE CASCADE
) ENGINE=InnoDB AUTO_INCREMENT=5 DEFAULT CHARSET=utf8mb4 COLLATE=utf8mb4_unicode_ci;

-- Copiando dados para a tabela tcc_interclasse.categoria: ~4 rows (aproximadamente)
INSERT INTO `categoria` (`id_categoria`, `nome_categoria`, `genero_categoria`, `fk_id_modalidade`) VALUES
	(1, 'Vôlei Masculino', 'Masculino', 2),
	(2, 'Vôlei Feminino', 'Feminino', 2),
	(3, 'Handebol Masculino', 'Masculino', 4),
	(4, 'Handebol Feminino', 'Feminino', 4);

-- Copiando estrutura para tabela tcc_interclasse.curso
CREATE TABLE IF NOT EXISTS `curso` (
  `id_curso` int(11) NOT NULL AUTO_INCREMENT,
  `nome_curso` varchar(100) NOT NULL,
  `sigla_curso` varchar(10) NOT NULL,
  PRIMARY KEY (`id_curso`),
  UNIQUE KEY `Curso_sigla_curso_key` (`sigla_curso`)
) ENGINE=InnoDB AUTO_INCREMENT=8 DEFAULT CHARSET=utf8mb4 COLLATE=utf8mb4_unicode_ci;

-- Copiando dados para a tabela tcc_interclasse.curso: ~7 rows (aproximadamente)
INSERT INTO `curso` (`id_curso`, `nome_curso`, `sigla_curso`) VALUES
	(1, 'Desenvolvimento de Sistemas', 'DS'),
	(2, 'Eletrônica', 'ETEL'),
	(3, 'Eventos', 'EVE'),
	(4, 'Química', 'ETIQ'),
	(5, 'Humanas', 'HUM'),
	(6, 'Edificações', 'EDA'),
	(7, 'Administração', 'ADA');

-- Copiando estrutura para tabela tcc_interclasse.eventopartida
CREATE TABLE IF NOT EXISTS `eventopartida` (
  `id_evento` int(11) NOT NULL AUTO_INCREMENT,
  `tipo_evento` varchar(30) NOT NULL,
  `pontos_gerados` int(11) NOT NULL,
  `fk_id_partida` int(11) NOT NULL,
  `fk_id_jogador` int(11) NOT NULL,
  PRIMARY KEY (`id_evento`),
  KEY `EventoPartida_fk_id_partida_fkey` (`fk_id_partida`),
  KEY `EventoPartida_fk_id_jogador_fkey` (`fk_id_jogador`),
  CONSTRAINT `EventoPartida_fk_id_jogador_fkey` FOREIGN KEY (`fk_id_jogador`) REFERENCES `jogador` (`id_jogador`) ON UPDATE CASCADE,
  CONSTRAINT `EventoPartida_fk_id_partida_fkey` FOREIGN KEY (`fk_id_partida`) REFERENCES `partida` (`id_partida`) ON UPDATE CASCADE
) ENGINE=InnoDB DEFAULT CHARSET=utf8mb4 COLLATE=utf8mb4_unicode_ci;

-- Copiando dados para a tabela tcc_interclasse.eventopartida: ~0 rows (aproximadamente)

-- Copiando estrutura para tabela tcc_interclasse.grupo
CREATE TABLE IF NOT EXISTS `grupo` (
  `id_grupo` int(11) NOT NULL AUTO_INCREMENT,
  `nome_grupo` varchar(50) NOT NULL,
  `fk_id_modalidade` int(11) NOT NULL,
  `fk_id_torneio` int(11) NOT NULL,
  PRIMARY KEY (`id_grupo`),
  KEY `Grupo_fk_id_modalidade_fkey` (`fk_id_modalidade`),
  KEY `Grupo_fk_id_torneio_fkey` (`fk_id_torneio`),
  CONSTRAINT `Grupo_fk_id_modalidade_fkey` FOREIGN KEY (`fk_id_modalidade`) REFERENCES `modalidade` (`id_modalidade`) ON UPDATE CASCADE,
  CONSTRAINT `Grupo_fk_id_torneio_fkey` FOREIGN KEY (`fk_id_torneio`) REFERENCES `torneio` (`id_torneio`) ON UPDATE CASCADE
) ENGINE=InnoDB AUTO_INCREMENT=39 DEFAULT CHARSET=utf8mb4 COLLATE=utf8mb4_unicode_ci;

-- Copiando dados para a tabela tcc_interclasse.grupo: ~30 rows (aproximadamente)
INSERT INTO `grupo` (`id_grupo`, `nome_grupo`, `fk_id_modalidade`, `fk_id_torneio`) VALUES
	(1, 'A-M', 4, 1),
	(2, 'B-M', 4, 1),
	(3, 'C-M', 4, 1),
	(4, 'D-M', 4, 1),
	(5, 'E-M', 4, 1),
	(6, 'F-M', 4, 1),
	(7, 'G-M', 4, 1),
	(8, 'A-F', 4, 1),
	(9, 'B-F', 4, 1),
	(10, 'C-F', 4, 1),
	(11, 'D-F', 4, 1),
	(12, 'E-F', 4, 1),
	(13, 'F-F', 4, 1),
	(14, 'G-F', 4, 1),
	(15, 'A-M', 2, 1),
	(16, 'B-M', 2, 1),
	(17, 'C-M', 2, 1),
	(18, 'D-M', 2, 1),
	(19, 'E-M', 2, 1),
	(20, 'F-M', 2, 1),
	(21, 'G-M', 2, 1),
	(22, 'H-M', 2, 1),
	(31, 'A-F', 2, 1),
	(32, 'B-F', 2, 1),
	(33, 'C-F', 2, 1),
	(34, 'D-F', 2, 1),
	(35, 'E-F', 2, 1),
	(36, 'F-F', 2, 1),
	(37, 'G-F', 2, 1),
	(38, 'H-F', 2, 1);

-- Copiando estrutura para tabela tcc_interclasse.grupotime
CREATE TABLE IF NOT EXISTS `grupotime` (
  `fk_id_grupo` int(11) NOT NULL,
  `fk_id_time` int(11) NOT NULL,
  PRIMARY KEY (`fk_id_grupo`,`fk_id_time`),
  KEY `GrupoTime_fk_id_time_fkey` (`fk_id_time`),
  CONSTRAINT `GrupoTime_fk_id_grupo_fkey` FOREIGN KEY (`fk_id_grupo`) REFERENCES `grupo` (`id_grupo`) ON UPDATE CASCADE,
  CONSTRAINT `GrupoTime_fk_id_time_fkey` FOREIGN KEY (`fk_id_time`) REFERENCES `time` (`id_time`) ON UPDATE CASCADE
) ENGINE=InnoDB DEFAULT CHARSET=utf8mb4 COLLATE=utf8mb4_unicode_ci;

-- Copiando dados para a tabela tcc_interclasse.grupotime: ~84 rows (aproximadamente)
INSERT INTO `grupotime` (`fk_id_grupo`, `fk_id_time`) VALUES
	(1, 15),
	(1, 59),
	(1, 71),
	(2, 3),
	(2, 47),
	(2, 55),
	(3, 7),
	(3, 51),
	(3, 79),
	(4, 19),
	(4, 23),
	(4, 75),
	(5, 35),
	(5, 63),
	(5, 83),
	(6, 11),
	(6, 31),
	(6, 67),
	(7, 27),
	(7, 39),
	(7, 43),
	(8, 32),
	(8, 56),
	(8, 84),
	(9, 12),
	(9, 24),
	(9, 76),
	(10, 8),
	(10, 36),
	(10, 40),
	(11, 4),
	(11, 20),
	(11, 68),
	(12, 16),
	(12, 28),
	(12, 44),
	(13, 48),
	(13, 64),
	(13, 72),
	(14, 52),
	(14, 60),
	(14, 80),
	(15, 1),
	(15, 25),
	(15, 81),
	(16, 9),
	(16, 29),
	(16, 37),
	(17, 5),
	(17, 13),
	(17, 17),
	(18, 41),
	(18, 57),
	(18, 77),
	(19, 53),
	(19, 65),
	(19, 73),
	(20, 33),
	(20, 61),
	(21, 49),
	(21, 69),
	(22, 21),
	(22, 45),
	(31, 10),
	(31, 26),
	(31, 30),
	(32, 6),
	(32, 38),
	(32, 42),
	(33, 22),
	(33, 46),
	(33, 78),
	(34, 58),
	(34, 62),
	(34, 74),
	(35, 18),
	(35, 34),
	(35, 54),
	(36, 2),
	(36, 70),
	(37, 50),
	(37, 66),
	(38, 14),
	(38, 82);

-- Copiando estrutura para tabela tcc_interclasse.jogador
CREATE TABLE IF NOT EXISTS `jogador` (
  `id_jogador` int(11) NOT NULL AUTO_INCREMENT,
  `nome_jogador` varchar(70) NOT NULL,
  `sala_jogador` varchar(10) NOT NULL,
  `genero_jogador` varchar(10) NOT NULL,
  `fk_id_curso` int(11) NOT NULL,
  PRIMARY KEY (`id_jogador`),
  KEY `Jogador_fk_id_curso_fkey` (`fk_id_curso`),
  CONSTRAINT `Jogador_fk_id_curso_fkey` FOREIGN KEY (`fk_id_curso`) REFERENCES `curso` (`id_curso`) ON UPDATE CASCADE
) ENGINE=InnoDB AUTO_INCREMENT=631 DEFAULT CHARSET=utf8mb4 COLLATE=utf8mb4_unicode_ci;

-- Copiando dados para a tabela tcc_interclasse.jogador: ~630 rows (aproximadamente)
INSERT INTO `jogador` (`id_jogador`, `nome_jogador`, `sala_jogador`, `genero_jogador`, `fk_id_curso`) VALUES
	(1, 'João Martins Vieira', '1º', 'Masculino', 1),
	(2, 'Caio Alves Ribeiro', '1º', 'Masculino', 1),
	(3, 'Miguel Alves Ribeiro', '1º', 'Masculino', 1),
	(4, 'Eduardo Oliveira Rodrigues', '1º', 'Masculino', 1),
	(5, 'Davi Carvalho Souza', '1º', 'Masculino', 1),
	(6, 'Enzo Ferreira Gomes', '1º', 'Masculino', 1),
	(7, 'Lucas Rodrigues Santos', '1º', 'Masculino', 1),
	(8, 'Guilherme Carvalho Almeida', '1º', 'Masculino', 1),
	(9, 'Mateus Martins Barbosa', '1º', 'Masculino', 1),
	(10, 'Lucas Lima Oliveira', '1º', 'Masculino', 1),
	(11, 'Mateus Melo Costa', '1º', 'Masculino', 1),
	(12, 'Lucas Gomes Santos', '1º', 'Masculino', 1),
	(13, 'Felipe Martins Martins', '1º', 'Masculino', 1),
	(14, 'Pedro Nunes Costa', '1º', 'Masculino', 1),
	(15, 'Rafael Oliveira Lima', '1º', 'Masculino', 1),
	(16, 'Alice Melo Ribeiro', '1º', 'Feminino', 1),
	(17, 'Laura Santos Almeida', '1º', 'Feminino', 1),
	(18, 'Luiza Pereira Santos', '1º', 'Feminino', 1),
	(19, 'Ana Silva Ribeiro', '1º', 'Feminino', 1),
	(20, 'Gabriela Vieira Costa', '1º', 'Feminino', 1),
	(21, 'Camila Costa Silva', '1º', 'Feminino', 1),
	(22, 'Giovanna Almeida Silva', '1º', 'Feminino', 1),
	(23, 'Letícia Martins Almeida', '1º', 'Feminino', 1),
	(24, 'Laura Santos Ferreira', '1º', 'Feminino', 1),
	(25, 'Amanda Costa Rodrigues', '1º', 'Feminino', 1),
	(26, 'Larissa Lima Rodrigues', '1º', 'Feminino', 1),
	(27, 'Giovanna Lima Mendes', '1º', 'Feminino', 1),
	(28, 'Luiza Silva Nunes', '1º', 'Feminino', 1),
	(29, 'Gabriela Nunes Vieira', '1º', 'Feminino', 1),
	(30, 'Isabella Carvalho Ribeiro', '1º', 'Feminino', 1),
	(31, 'Leonardo Barbosa Souza', '2º', 'Masculino', 1),
	(32, 'Arthur Barbosa Ferreira', '2º', 'Masculino', 1),
	(33, 'Felipe Santos Carvalho', '2º', 'Masculino', 1),
	(34, 'Mateus Barbosa Melo', '2º', 'Masculino', 1),
	(35, 'Pedro Costa Santos', '2º', 'Masculino', 1),
	(36, 'Daniel Oliveira Nunes', '2º', 'Masculino', 1),
	(37, 'Enzo Mendes Costa', '2º', 'Masculino', 1),
	(38, 'Enzo Alves Gomes', '2º', 'Masculino', 1),
	(39, 'Thiago Melo Lima', '2º', 'Masculino', 1),
	(40, 'Eduardo Santos Mendes', '2º', 'Masculino', 1),
	(41, 'Enzo Melo Melo', '2º', 'Masculino', 1),
	(42, 'Caio Mendes Alves', '2º', 'Masculino', 1),
	(43, 'Mateus Vieira Martins', '2º', 'Masculino', 1),
	(44, 'Heitor Oliveira Silva', '2º', 'Masculino', 1),
	(45, 'Arthur Costa Barbosa', '2º', 'Masculino', 1),
	(46, 'Beatriz Almeida Rodrigues', '2º', 'Feminino', 1),
	(47, 'Gabriela Rodrigues Mendes', '2º', 'Feminino', 1),
	(48, 'Giovanna Silva Nunes', '2º', 'Feminino', 1),
	(49, 'Isabella Barbosa Pereira', '2º', 'Feminino', 1),
	(50, 'Isabella Souza Almeida', '2º', 'Feminino', 1),
	(51, 'Amanda Santos Vieira', '2º', 'Feminino', 1),
	(52, 'Valentina Oliveira Lima', '2º', 'Feminino', 1),
	(53, 'Fernanda Lima Alves', '2º', 'Feminino', 1),
	(54, 'Sophia Pereira Almeida', '2º', 'Feminino', 1),
	(55, 'Giovanna Lima Almeida', '2º', 'Feminino', 1),
	(56, 'Isabella Alves Nunes', '2º', 'Feminino', 1),
	(57, 'Alice Gomes Vieira', '2º', 'Feminino', 1),
	(58, 'Laura Barbosa Nunes', '2º', 'Feminino', 1),
	(59, 'Alice Alves Mendes', '2º', 'Feminino', 1),
	(60, 'Camila Gomes Ferreira', '2º', 'Feminino', 1),
	(61, 'Felipe Rodrigues Ribeiro', '3º', 'Masculino', 1),
	(62, 'Rafael Lima Ribeiro', '3º', 'Masculino', 1),
	(63, 'Leonardo Mendes Carvalho', '3º', 'Masculino', 1),
	(64, 'Rafael Oliveira Costa', '3º', 'Masculino', 1),
	(65, 'Thiago Oliveira Alves', '3º', 'Masculino', 1),
	(66, 'Thiago Oliveira Alves', '3º', 'Masculino', 1),
	(67, 'Heitor Ferreira Mendes', '3º', 'Masculino', 1),
	(68, 'Enzo Vieira Ferreira', '3º', 'Masculino', 1),
	(69, 'Rafael Vieira Alves', '3º', 'Masculino', 1),
	(70, 'João Souza Vieira', '3º', 'Masculino', 1),
	(71, 'Miguel Santos Ribeiro', '3º', 'Masculino', 1),
	(72, 'Enzo Melo Vieira', '3º', 'Masculino', 1),
	(73, 'Miguel Almeida Melo', '3º', 'Masculino', 1),
	(74, 'Heitor Vieira Almeida', '3º', 'Masculino', 1),
	(75, 'Leonardo Carvalho Lima', '3º', 'Masculino', 1),
	(76, 'Mariana Ribeiro Barbosa', '3º', 'Feminino', 1),
	(77, 'Júlia Costa Ferreira', '3º', 'Feminino', 1),
	(78, 'Alice Martins Lima', '3º', 'Feminino', 1),
	(79, 'Sophia Silva Ferreira', '3º', 'Feminino', 1),
	(80, 'Letícia Souza Carvalho', '3º', 'Feminino', 1),
	(81, 'Fernanda Costa Lima', '3º', 'Feminino', 1),
	(82, 'Luiza Pereira Pereira', '3º', 'Feminino', 1),
	(83, 'Laura Gomes Costa', '3º', 'Feminino', 1),
	(84, 'Maria Barbosa Santos', '3º', 'Feminino', 1),
	(85, 'Larissa Rodrigues Mendes', '3º', 'Feminino', 1),
	(86, 'Letícia Rodrigues Pereira', '3º', 'Feminino', 1),
	(87, 'Gabriela Nunes Melo', '3º', 'Feminino', 1),
	(88, 'Manuela Silva Oliveira', '3º', 'Feminino', 1),
	(89, 'Larissa Nunes Vieira', '3º', 'Feminino', 1),
	(90, 'Luiza Barbosa Nunes', '3º', 'Feminino', 1),
	(91, 'Felipe Souza Santos', '1º', 'Masculino', 2),
	(92, 'Enzo Silva Mendes', '1º', 'Masculino', 2),
	(93, 'Vinícius Costa Gomes', '1º', 'Masculino', 2),
	(94, 'Thiago Barbosa Alves', '1º', 'Masculino', 2),
	(95, 'Pedro Almeida Ribeiro', '1º', 'Masculino', 2),
	(96, 'Heitor Vieira Almeida', '1º', 'Masculino', 2),
	(97, 'Heitor Barbosa Ferreira', '1º', 'Masculino', 2),
	(98, 'Gabriel Vieira Vieira', '1º', 'Masculino', 2),
	(99, 'Arthur Ribeiro Pereira', '1º', 'Masculino', 2),
	(100, 'Eduardo Ribeiro Almeida', '1º', 'Masculino', 2),
	(101, 'Pedro Ribeiro Vieira', '1º', 'Masculino', 2),
	(102, 'Leonardo Costa Souza', '1º', 'Masculino', 2),
	(103, 'Mateus Ribeiro Oliveira', '1º', 'Masculino', 2),
	(104, 'Lucas Gomes Oliveira', '1º', 'Masculino', 2),
	(105, 'Daniel Nunes Lima', '1º', 'Masculino', 2),
	(106, 'Isabella Mendes Almeida', '1º', 'Feminino', 2),
	(107, 'Luiza Carvalho Ferreira', '1º', 'Feminino', 2),
	(108, 'Alice Rodrigues Mendes', '1º', 'Feminino', 2),
	(109, 'Letícia Rodrigues Gomes', '1º', 'Feminino', 2),
	(110, 'Gabriela Ferreira Carvalho', '1º', 'Feminino', 2),
	(111, 'Ana Ferreira Martins', '1º', 'Feminino', 2),
	(112, 'Isabella Ribeiro Souza', '1º', 'Feminino', 2),
	(113, 'Beatriz Carvalho Melo', '1º', 'Feminino', 2),
	(114, 'Júlia Melo Costa', '1º', 'Feminino', 2),
	(115, 'Beatriz Pereira Vieira', '1º', 'Feminino', 2),
	(116, 'Alice Ferreira Barbosa', '1º', 'Feminino', 2),
	(117, 'Beatriz Almeida Pereira', '1º', 'Feminino', 2),
	(118, 'Letícia Silva Souza', '1º', 'Feminino', 2),
	(119, 'Ana Silva Silva', '1º', 'Feminino', 2),
	(120, 'Laura Mendes Pereira', '1º', 'Feminino', 2),
	(121, 'Pedro Almeida Nunes', '2º', 'Masculino', 2),
	(122, 'Bernardo Nunes Alves', '2º', 'Masculino', 2),
	(123, 'João Rodrigues Lima', '2º', 'Masculino', 2),
	(124, 'Guilherme Santos Santos', '2º', 'Masculino', 2),
	(125, 'Leonardo Santos Carvalho', '2º', 'Masculino', 2),
	(126, 'Mateus Nunes Nunes', '2º', 'Masculino', 2),
	(127, 'Caio Ferreira Ferreira', '2º', 'Masculino', 2),
	(128, 'Arthur Almeida Carvalho', '2º', 'Masculino', 2),
	(129, 'João Ribeiro Silva', '2º', 'Masculino', 2),
	(130, 'Daniel Oliveira Souza', '2º', 'Masculino', 2),
	(131, 'Felipe Oliveira Barbosa', '2º', 'Masculino', 2),
	(132, 'Vinícius Silva Santos', '2º', 'Masculino', 2),
	(133, 'Vinícius Carvalho Melo', '2º', 'Masculino', 2),
	(134, 'João Nunes Alves', '2º', 'Masculino', 2),
	(135, 'Felipe Martins Martins', '2º', 'Masculino', 2),
	(136, 'Mariana Souza Almeida', '2º', 'Feminino', 2),
	(137, 'Júlia Martins Gomes', '2º', 'Feminino', 2),
	(138, 'Júlia Rodrigues Ribeiro', '2º', 'Feminino', 2),
	(139, 'Fernanda Melo Alves', '2º', 'Feminino', 2),
	(140, 'Helena Mendes Alves', '2º', 'Feminino', 2),
	(141, 'Alice Melo Costa', '2º', 'Feminino', 2),
	(142, 'Laura Vieira Silva', '2º', 'Feminino', 2),
	(143, 'Maria Souza Nunes', '2º', 'Feminino', 2),
	(144, 'Gabriela Santos Barbosa', '2º', 'Feminino', 2),
	(145, 'Giovanna Lima Rodrigues', '2º', 'Feminino', 2),
	(146, 'Amanda Almeida Alves', '2º', 'Feminino', 2),
	(147, 'Letícia Ferreira Martins', '2º', 'Feminino', 2),
	(148, 'Amanda Pereira Lima', '2º', 'Feminino', 2),
	(149, 'Valentina Pereira Ferreira', '2º', 'Feminino', 2),
	(150, 'Larissa Rodrigues Souza', '2º', 'Feminino', 2),
	(151, 'Arthur Santos Oliveira', '3º', 'Masculino', 2),
	(152, 'Rafael Carvalho Barbosa', '3º', 'Masculino', 2),
	(153, 'Guilherme Martins Gomes', '3º', 'Masculino', 2),
	(154, 'Daniel Costa Carvalho', '3º', 'Masculino', 2),
	(155, 'Davi Souza Costa', '3º', 'Masculino', 2),
	(156, 'Davi Mendes Almeida', '3º', 'Masculino', 2),
	(157, 'Pedro Pereira Barbosa', '3º', 'Masculino', 2),
	(158, 'Bernardo Nunes Costa', '3º', 'Masculino', 2),
	(159, 'Daniel Santos Pereira', '3º', 'Masculino', 2),
	(160, 'Heitor Alves Nunes', '3º', 'Masculino', 2),
	(161, 'Eduardo Barbosa Pereira', '3º', 'Masculino', 2),
	(162, 'Felipe Melo Costa', '3º', 'Masculino', 2),
	(163, 'Felipe Barbosa Nunes', '3º', 'Masculino', 2),
	(164, 'Pedro Souza Barbosa', '3º', 'Masculino', 2),
	(165, 'Gabriel Carvalho Carvalho', '3º', 'Masculino', 2),
	(166, 'Larissa Alves Oliveira', '3º', 'Feminino', 2),
	(167, 'Júlia Gomes Almeida', '3º', 'Feminino', 2),
	(168, 'Fernanda Martins Ribeiro', '3º', 'Feminino', 2),
	(169, 'Isabella Martins Mendes', '3º', 'Feminino', 2),
	(170, 'Laura Almeida Carvalho', '3º', 'Feminino', 2),
	(171, 'Amanda Silva Gomes', '3º', 'Feminino', 2),
	(172, 'Mariana Ribeiro Lima', '3º', 'Feminino', 2),
	(173, 'Manuela Ribeiro Vieira', '3º', 'Feminino', 2),
	(174, 'Manuela Pereira Costa', '3º', 'Feminino', 2),
	(175, 'Valentina Melo Melo', '3º', 'Feminino', 2),
	(176, 'Ana Gomes Vieira', '3º', 'Feminino', 2),
	(177, 'Letícia Carvalho Rodrigues', '3º', 'Feminino', 2),
	(178, 'Amanda Rodrigues Vieira', '3º', 'Feminino', 2),
	(179, 'Laura Nunes Melo', '3º', 'Feminino', 2),
	(180, 'Giovanna Alves Silva', '3º', 'Feminino', 2),
	(181, 'Gabriel Alves Oliveira', '1º', 'Masculino', 3),
	(182, 'Pedro Costa Mendes', '1º', 'Masculino', 3),
	(183, 'Miguel Oliveira Costa', '1º', 'Masculino', 3),
	(184, 'Davi Rodrigues Alves', '1º', 'Masculino', 3),
	(185, 'Davi Costa Vieira', '1º', 'Masculino', 3),
	(186, 'Lucas Vieira Nunes', '1º', 'Masculino', 3),
	(187, 'Eduardo Vieira Ferreira', '1º', 'Masculino', 3),
	(188, 'Daniel Silva Mendes', '1º', 'Masculino', 3),
	(189, 'Davi Ribeiro Lima', '1º', 'Masculino', 3),
	(190, 'Lucas Ferreira Mendes', '1º', 'Masculino', 3),
	(191, 'Miguel Santos Santos', '1º', 'Masculino', 3),
	(192, 'Gabriel Rodrigues Rodrigues', '1º', 'Masculino', 3),
	(193, 'Davi Vieira Ferreira', '1º', 'Masculino', 3),
	(194, 'Pedro Barbosa Mendes', '1º', 'Masculino', 3),
	(195, 'Rafael Rodrigues Silva', '1º', 'Masculino', 3),
	(196, 'Maria Nunes Silva', '1º', 'Feminino', 3),
	(197, 'Letícia Vieira Pereira', '1º', 'Feminino', 3),
	(198, 'Maria Silva Silva', '1º', 'Feminino', 3),
	(199, 'Luiza Almeida Almeida', '1º', 'Feminino', 3),
	(200, 'Mariana Rodrigues Vieira', '1º', 'Feminino', 3),
	(201, 'Helena Ferreira Gomes', '1º', 'Feminino', 3),
	(202, 'Maria Santos Souza', '1º', 'Feminino', 3),
	(203, 'Isabella Melo Pereira', '1º', 'Feminino', 3),
	(204, 'Júlia Oliveira Costa', '1º', 'Feminino', 3),
	(205, 'Maria Ribeiro Oliveira', '1º', 'Feminino', 3),
	(206, 'Manuela Ribeiro Alves', '1º', 'Feminino', 3),
	(207, 'Valentina Barbosa Pereira', '1º', 'Feminino', 3),
	(208, 'Fernanda Pereira Ferreira', '1º', 'Feminino', 3),
	(209, 'Júlia Vieira Rodrigues', '1º', 'Feminino', 3),
	(210, 'Mariana Gomes Santos', '1º', 'Feminino', 3),
	(211, 'Guilherme Nunes Nunes', '2º', 'Masculino', 3),
	(212, 'Gabriel Lima Martins', '2º', 'Masculino', 3),
	(213, 'Davi Costa Nunes', '2º', 'Masculino', 3),
	(214, 'Daniel Alves Gomes', '2º', 'Masculino', 3),
	(215, 'Bernardo Souza Ferreira', '2º', 'Masculino', 3),
	(216, 'Davi Barbosa Mendes', '2º', 'Masculino', 3),
	(217, 'Leonardo Rodrigues Ribeiro', '2º', 'Masculino', 3),
	(218, 'Felipe Lima Rodrigues', '2º', 'Masculino', 3),
	(219, 'Vinícius Pereira Almeida', '2º', 'Masculino', 3),
	(220, 'Pedro Pereira Pereira', '2º', 'Masculino', 3),
	(221, 'Caio Mendes Alves', '2º', 'Masculino', 3),
	(222, 'Rafael Ferreira Carvalho', '2º', 'Masculino', 3),
	(223, 'Eduardo Nunes Rodrigues', '2º', 'Masculino', 3),
	(224, 'Davi Mendes Martins', '2º', 'Masculino', 3),
	(225, 'Thiago Oliveira Vieira', '2º', 'Masculino', 3),
	(226, 'Laura Souza Pereira', '2º', 'Feminino', 3),
	(227, 'Gabriela Pereira Carvalho', '2º', 'Feminino', 3),
	(228, 'Helena Oliveira Gomes', '2º', 'Feminino', 3),
	(229, 'Mariana Ferreira Costa', '2º', 'Feminino', 3),
	(230, 'Valentina Barbosa Melo', '2º', 'Feminino', 3),
	(231, 'Fernanda Oliveira Melo', '2º', 'Feminino', 3),
	(232, 'Ana Oliveira Almeida', '2º', 'Feminino', 3),
	(233, 'Gabriela Ribeiro Ferreira', '2º', 'Feminino', 3),
	(234, 'Luiza Silva Martins', '2º', 'Feminino', 3),
	(235, 'Gabriela Souza Ferreira', '2º', 'Feminino', 3),
	(236, 'Gabriela Barbosa Pereira', '2º', 'Feminino', 3),
	(237, 'Valentina Martins Alves', '2º', 'Feminino', 3),
	(238, 'Giovanna Souza Mendes', '2º', 'Feminino', 3),
	(239, 'Fernanda Silva Alves', '2º', 'Feminino', 3),
	(240, 'Luiza Nunes Nunes', '2º', 'Feminino', 3),
	(241, 'Arthur Carvalho Souza', '3º', 'Masculino', 3),
	(242, 'Lucas Pereira Costa', '3º', 'Masculino', 3),
	(243, 'Daniel Souza Alves', '3º', 'Masculino', 3),
	(244, 'Miguel Costa Carvalho', '3º', 'Masculino', 3),
	(245, 'Heitor Santos Vieira', '3º', 'Masculino', 3),
	(246, 'Daniel Almeida Martins', '3º', 'Masculino', 3),
	(247, 'Mateus Silva Silva', '3º', 'Masculino', 3),
	(248, 'Davi Alves Lima', '3º', 'Masculino', 3),
	(249, 'Gabriel Vieira Barbosa', '3º', 'Masculino', 3),
	(250, 'Pedro Almeida Vieira', '3º', 'Masculino', 3),
	(251, 'Heitor Almeida Vieira', '3º', 'Masculino', 3),
	(252, 'Guilherme Barbosa Nunes', '3º', 'Masculino', 3),
	(253, 'Bernardo Souza Martins', '3º', 'Masculino', 3),
	(254, 'Lucas Rodrigues Carvalho', '3º', 'Masculino', 3),
	(255, 'Felipe Oliveira Carvalho', '3º', 'Masculino', 3),
	(256, 'Gabriela Silva Martins', '3º', 'Feminino', 3),
	(257, 'Camila Ferreira Ferreira', '3º', 'Feminino', 3),
	(258, 'Mariana Santos Oliveira', '3º', 'Feminino', 3),
	(259, 'Beatriz Almeida Oliveira', '3º', 'Feminino', 3),
	(260, 'Júlia Melo Martins', '3º', 'Feminino', 3),
	(261, 'Fernanda Costa Mendes', '3º', 'Feminino', 3),
	(262, 'Ana Ferreira Vieira', '3º', 'Feminino', 3),
	(263, 'Ana Souza Rodrigues', '3º', 'Feminino', 3),
	(264, 'Giovanna Lima Ferreira', '3º', 'Feminino', 3),
	(265, 'Fernanda Gomes Silva', '3º', 'Feminino', 3),
	(266, 'Giovanna Lima Melo', '3º', 'Feminino', 3),
	(267, 'Maria Martins Almeida', '3º', 'Feminino', 3),
	(268, 'Giovanna Souza Martins', '3º', 'Feminino', 3),
	(269, 'Mariana Oliveira Barbosa', '3º', 'Feminino', 3),
	(270, 'Valentina Mendes Ferreira', '3º', 'Feminino', 3),
	(271, 'Arthur Souza Almeida', '1º', 'Masculino', 4),
	(272, 'Mateus Gomes Barbosa', '1º', 'Masculino', 4),
	(273, 'Davi Ferreira Melo', '1º', 'Masculino', 4),
	(274, 'Enzo Almeida Ribeiro', '1º', 'Masculino', 4),
	(275, 'Rafael Costa Martins', '1º', 'Masculino', 4),
	(276, 'Arthur Alves Almeida', '1º', 'Masculino', 4),
	(277, 'Guilherme Santos Melo', '1º', 'Masculino', 4),
	(278, 'Lucas Rodrigues Vieira', '1º', 'Masculino', 4),
	(279, 'Miguel Oliveira Barbosa', '1º', 'Masculino', 4),
	(280, 'Mateus Costa Alves', '1º', 'Masculino', 4),
	(281, 'João Gomes Costa', '1º', 'Masculino', 4),
	(282, 'Gabriel Almeida Gomes', '1º', 'Masculino', 4),
	(283, 'Eduardo Souza Santos', '1º', 'Masculino', 4),
	(284, 'João Rodrigues Silva', '1º', 'Masculino', 4),
	(285, 'Gabriel Carvalho Oliveira', '1º', 'Masculino', 4),
	(286, 'Larissa Oliveira Oliveira', '1º', 'Feminino', 4),
	(287, 'Camila Nunes Ribeiro', '1º', 'Feminino', 4),
	(288, 'Beatriz Ribeiro Rodrigues', '1º', 'Feminino', 4),
	(289, 'Valentina Ferreira Martins', '1º', 'Feminino', 4),
	(290, 'Mariana Lima Santos', '1º', 'Feminino', 4),
	(291, 'Camila Martins Oliveira', '1º', 'Feminino', 4),
	(292, 'Valentina Mendes Almeida', '1º', 'Feminino', 4),
	(293, 'Luiza Carvalho Souza', '1º', 'Feminino', 4),
	(294, 'Beatriz Santos Oliveira', '1º', 'Feminino', 4),
	(295, 'Laura Santos Lima', '1º', 'Feminino', 4),
	(296, 'Sophia Ferreira Barbosa', '1º', 'Feminino', 4),
	(297, 'Manuela Pereira Ribeiro', '1º', 'Feminino', 4),
	(298, 'Sophia Lima Martins', '1º', 'Feminino', 4),
	(299, 'Fernanda Silva Martins', '1º', 'Feminino', 4),
	(300, 'Beatriz Ferreira Barbosa', '1º', 'Feminino', 4),
	(301, 'Miguel Ferreira Ferreira', '2º', 'Masculino', 4),
	(302, 'Miguel Martins Souza', '2º', 'Masculino', 4),
	(303, 'Leonardo Gomes Santos', '2º', 'Masculino', 4),
	(304, 'Vinícius Oliveira Nunes', '2º', 'Masculino', 4),
	(305, 'Gabriel Carvalho Gomes', '2º', 'Masculino', 4),
	(306, 'Daniel Mendes Barbosa', '2º', 'Masculino', 4),
	(307, 'Arthur Barbosa Carvalho', '2º', 'Masculino', 4),
	(308, 'Rafael Silva Carvalho', '2º', 'Masculino', 4),
	(309, 'Miguel Mendes Almeida', '2º', 'Masculino', 4),
	(310, 'Arthur Gomes Souza', '2º', 'Masculino', 4),
	(311, 'Thiago Carvalho Lima', '2º', 'Masculino', 4),
	(312, 'Caio Santos Ferreira', '2º', 'Masculino', 4),
	(313, 'Heitor Gomes Oliveira', '2º', 'Masculino', 4),
	(314, 'Bernardo Costa Almeida', '2º', 'Masculino', 4),
	(315, 'Mateus Silva Santos', '2º', 'Masculino', 4),
	(316, 'Letícia Barbosa Melo', '2º', 'Feminino', 4),
	(317, 'Giovanna Costa Santos', '2º', 'Feminino', 4),
	(318, 'Maria Almeida Oliveira', '2º', 'Feminino', 4),
	(319, 'Giovanna Oliveira Carvalho', '2º', 'Feminino', 4),
	(320, 'Maria Rodrigues Almeida', '2º', 'Feminino', 4),
	(321, 'Maria Ferreira Carvalho', '2º', 'Feminino', 4),
	(322, 'Alice Gomes Rodrigues', '2º', 'Feminino', 4),
	(323, 'Júlia Almeida Vieira', '2º', 'Feminino', 4),
	(324, 'Valentina Souza Vieira', '2º', 'Feminino', 4),
	(325, 'Ana Costa Ribeiro', '2º', 'Feminino', 4),
	(326, 'Giovanna Carvalho Martins', '2º', 'Feminino', 4),
	(327, 'Manuela Melo Melo', '2º', 'Feminino', 4),
	(328, 'Isabella Lima Oliveira', '2º', 'Feminino', 4),
	(329, 'Júlia Alves Carvalho', '2º', 'Feminino', 4),
	(330, 'Maria Pereira Ribeiro', '2º', 'Feminino', 4),
	(331, 'Arthur Mendes Gomes', '3º', 'Masculino', 4),
	(332, 'Lucas Pereira Nunes', '3º', 'Masculino', 4),
	(333, 'Rafael Almeida Ribeiro', '3º', 'Masculino', 4),
	(334, 'Thiago Santos Nunes', '3º', 'Masculino', 4),
	(335, 'Felipe Rodrigues Gomes', '3º', 'Masculino', 4),
	(336, 'João Costa Nunes', '3º', 'Masculino', 4),
	(337, 'Mateus Nunes Rodrigues', '3º', 'Masculino', 4),
	(338, 'Miguel Mendes Vieira', '3º', 'Masculino', 4),
	(339, 'Miguel Vieira Vieira', '3º', 'Masculino', 4),
	(340, 'Bernardo Vieira Gomes', '3º', 'Masculino', 4),
	(341, 'Rafael Rodrigues Ribeiro', '3º', 'Masculino', 4),
	(342, 'Bernardo Lima Vieira', '3º', 'Masculino', 4),
	(343, 'Guilherme Ribeiro Rodrigues', '3º', 'Masculino', 4),
	(344, 'Daniel Alves Martins', '3º', 'Masculino', 4),
	(345, 'Heitor Costa Alves', '3º', 'Masculino', 4),
	(346, 'Júlia Costa Ribeiro', '3º', 'Feminino', 4),
	(347, 'Fernanda Almeida Ferreira', '3º', 'Feminino', 4),
	(348, 'Larissa Silva Santos', '3º', 'Feminino', 4),
	(349, 'Alice Ribeiro Carvalho', '3º', 'Feminino', 4),
	(350, 'Sophia Ribeiro Oliveira', '3º', 'Feminino', 4),
	(351, 'Laura Ribeiro Pereira', '3º', 'Feminino', 4),
	(352, 'Beatriz Rodrigues Costa', '3º', 'Feminino', 4),
	(353, 'Amanda Santos Ribeiro', '3º', 'Feminino', 4),
	(354, 'Manuela Nunes Souza', '3º', 'Feminino', 4),
	(355, 'Maria Melo Santos', '3º', 'Feminino', 4),
	(356, 'Giovanna Carvalho Almeida', '3º', 'Feminino', 4),
	(357, 'Luiza Almeida Vieira', '3º', 'Feminino', 4),
	(358, 'Fernanda Barbosa Lima', '3º', 'Feminino', 4),
	(359, 'Ana Silva Pereira', '3º', 'Feminino', 4),
	(360, 'Giovanna Silva Barbosa', '3º', 'Feminino', 4),
	(361, 'Miguel Martins Almeida', '1º', 'Masculino', 5),
	(362, 'Vinícius Ferreira Costa', '1º', 'Masculino', 5),
	(363, 'Pedro Carvalho Ribeiro', '1º', 'Masculino', 5),
	(364, 'Enzo Martins Almeida', '1º', 'Masculino', 5),
	(365, 'Heitor Santos Nunes', '1º', 'Masculino', 5),
	(366, 'João Alves Gomes', '1º', 'Masculino', 5),
	(367, 'Heitor Nunes Lima', '1º', 'Masculino', 5),
	(368, 'Leonardo Barbosa Santos', '1º', 'Masculino', 5),
	(369, 'Gabriel Martins Oliveira', '1º', 'Masculino', 5),
	(370, 'Rafael Costa Santos', '1º', 'Masculino', 5),
	(371, 'Lucas Ferreira Nunes', '1º', 'Masculino', 5),
	(372, 'Arthur Barbosa Ferreira', '1º', 'Masculino', 5),
	(373, 'Enzo Gomes Martins', '1º', 'Masculino', 5),
	(374, 'Eduardo Carvalho Silva', '1º', 'Masculino', 5),
	(375, 'Leonardo Rodrigues Ferreira', '1º', 'Masculino', 5),
	(376, 'Alice Lima Ferreira', '1º', 'Feminino', 5),
	(377, 'Letícia Gomes Mendes', '1º', 'Feminino', 5),
	(378, 'Sophia Nunes Alves', '1º', 'Feminino', 5),
	(379, 'Valentina Pereira Martins', '1º', 'Feminino', 5),
	(380, 'Camila Lima Costa', '1º', 'Feminino', 5),
	(381, 'Laura Barbosa Gomes', '1º', 'Feminino', 5),
	(382, 'Isabella Ribeiro Mendes', '1º', 'Feminino', 5),
	(383, 'Júlia Melo Ribeiro', '1º', 'Feminino', 5),
	(384, 'Fernanda Lima Lima', '1º', 'Feminino', 5),
	(385, 'Valentina Carvalho Pereira', '1º', 'Feminino', 5),
	(386, 'Júlia Pereira Souza', '1º', 'Feminino', 5),
	(387, 'Valentina Ribeiro Costa', '1º', 'Feminino', 5),
	(388, 'Alice Silva Souza', '1º', 'Feminino', 5),
	(389, 'Isabella Ferreira Nunes', '1º', 'Feminino', 5),
	(390, 'Mariana Rodrigues Gomes', '1º', 'Feminino', 5),
	(391, 'Enzo Carvalho Barbosa', '2º', 'Masculino', 5),
	(392, 'Lucas Souza Nunes', '2º', 'Masculino', 5),
	(393, 'Rafael Ferreira Ferreira', '2º', 'Masculino', 5),
	(394, 'Enzo Barbosa Nunes', '2º', 'Masculino', 5),
	(395, 'Daniel Souza Costa', '2º', 'Masculino', 5),
	(396, 'Davi Melo Carvalho', '2º', 'Masculino', 5),
	(397, 'Gabriel Mendes Pereira', '2º', 'Masculino', 5),
	(398, 'Arthur Souza Melo', '2º', 'Masculino', 5),
	(399, 'Heitor Silva Mendes', '2º', 'Masculino', 5),
	(400, 'Lucas Rodrigues Silva', '2º', 'Masculino', 5),
	(401, 'Leonardo Gomes Ribeiro', '2º', 'Masculino', 5),
	(402, 'João Martins Carvalho', '2º', 'Masculino', 5),
	(403, 'Pedro Souza Mendes', '2º', 'Masculino', 5),
	(404, 'Guilherme Santos Costa', '2º', 'Masculino', 5),
	(405, 'Daniel Santos Alves', '2º', 'Masculino', 5),
	(406, 'Laura Nunes Carvalho', '2º', 'Feminino', 5),
	(407, 'Laura Silva Gomes', '2º', 'Feminino', 5),
	(408, 'Júlia Carvalho Gomes', '2º', 'Feminino', 5),
	(409, 'Ana Martins Mendes', '2º', 'Feminino', 5),
	(410, 'Júlia Alves Ferreira', '2º', 'Feminino', 5),
	(411, 'Giovanna Pereira Pereira', '2º', 'Feminino', 5),
	(412, 'Manuela Lima Carvalho', '2º', 'Feminino', 5),
	(413, 'Valentina Carvalho Melo', '2º', 'Feminino', 5),
	(414, 'Helena Almeida Oliveira', '2º', 'Feminino', 5),
	(415, 'Ana Mendes Alves', '2º', 'Feminino', 5),
	(416, 'Ana Lima Barbosa', '2º', 'Feminino', 5),
	(417, 'Gabriela Santos Nunes', '2º', 'Feminino', 5),
	(418, 'Amanda Pereira Nunes', '2º', 'Feminino', 5),
	(419, 'Júlia Ribeiro Souza', '2º', 'Feminino', 5),
	(420, 'Júlia Carvalho Souza', '2º', 'Feminino', 5),
	(421, 'Pedro Martins Ferreira', '3º', 'Masculino', 5),
	(422, 'Rafael Melo Santos', '3º', 'Masculino', 5),
	(423, 'Pedro Oliveira Oliveira', '3º', 'Masculino', 5),
	(424, 'Eduardo Alves Almeida', '3º', 'Masculino', 5),
	(425, 'Pedro Lima Nunes', '3º', 'Masculino', 5),
	(426, 'Pedro Mendes Lima', '3º', 'Masculino', 5),
	(427, 'Mateus Santos Martins', '3º', 'Masculino', 5),
	(428, 'Eduardo Nunes Vieira', '3º', 'Masculino', 5),
	(429, 'Thiago Mendes Rodrigues', '3º', 'Masculino', 5),
	(430, 'Leonardo Mendes Martins', '3º', 'Masculino', 5),
	(431, 'Gabriel Vieira Nunes', '3º', 'Masculino', 5),
	(432, 'Heitor Almeida Vieira', '3º', 'Masculino', 5),
	(433, 'Vinícius Nunes Almeida', '3º', 'Masculino', 5),
	(434, 'Eduardo Almeida Ribeiro', '3º', 'Masculino', 5),
	(435, 'Enzo Mendes Gomes', '3º', 'Masculino', 5),
	(436, 'Helena Melo Souza', '3º', 'Feminino', 5),
	(437, 'Beatriz Alves Melo', '3º', 'Feminino', 5),
	(438, 'Mariana Alves Oliveira', '3º', 'Feminino', 5),
	(439, 'Beatriz Ribeiro Santos', '3º', 'Feminino', 5),
	(440, 'Sophia Nunes Melo', '3º', 'Feminino', 5),
	(441, 'Larissa Vieira Souza', '3º', 'Feminino', 5),
	(442, 'Manuela Alves Mendes', '3º', 'Feminino', 5),
	(443, 'Mariana Vieira Nunes', '3º', 'Feminino', 5),
	(444, 'Giovanna Carvalho Silva', '3º', 'Feminino', 5),
	(445, 'Sophia Costa Carvalho', '3º', 'Feminino', 5),
	(446, 'Larissa Pereira Souza', '3º', 'Feminino', 5),
	(447, 'Manuela Barbosa Carvalho', '3º', 'Feminino', 5),
	(448, 'Larissa Vieira Nunes', '3º', 'Feminino', 5),
	(449, 'Luiza Oliveira Oliveira', '3º', 'Feminino', 5),
	(450, 'Luiza Santos Oliveira', '3º', 'Feminino', 5),
	(451, 'Leonardo Nunes Oliveira', '1º', 'Masculino', 6),
	(452, 'Caio Alves Mendes', '1º', 'Masculino', 6),
	(453, 'Gabriel Ribeiro Pereira', '1º', 'Masculino', 6),
	(454, 'Rafael Ferreira Mendes', '1º', 'Masculino', 6),
	(455, 'Lucas Ferreira Melo', '1º', 'Masculino', 6),
	(456, 'Eduardo Santos Santos', '1º', 'Masculino', 6),
	(457, 'Arthur Silva Mendes', '1º', 'Masculino', 6),
	(458, 'Davi Costa Ferreira', '1º', 'Masculino', 6),
	(459, 'Thiago Lima Lima', '1º', 'Masculino', 6),
	(460, 'João Ribeiro Gomes', '1º', 'Masculino', 6),
	(461, 'Bernardo Ferreira Lima', '1º', 'Masculino', 6),
	(462, 'Eduardo Nunes Pereira', '1º', 'Masculino', 6),
	(463, 'Mateus Nunes Barbosa', '1º', 'Masculino', 6),
	(464, 'Leonardo Silva Martins', '1º', 'Masculino', 6),
	(465, 'Lucas Pereira Ribeiro', '1º', 'Masculino', 6),
	(466, 'Giovanna Rodrigues Souza', '1º', 'Feminino', 6),
	(467, 'Amanda Nunes Santos', '1º', 'Feminino', 6),
	(468, 'Beatriz Barbosa Melo', '1º', 'Feminino', 6),
	(469, 'Gabriela Carvalho Melo', '1º', 'Feminino', 6),
	(470, 'Mariana Barbosa Alves', '1º', 'Feminino', 6),
	(471, 'Ana Nunes Mendes', '1º', 'Feminino', 6),
	(472, 'Giovanna Alves Ribeiro', '1º', 'Feminino', 6),
	(473, 'Valentina Rodrigues Ferreira', '1º', 'Feminino', 6),
	(474, 'Júlia Barbosa Pereira', '1º', 'Feminino', 6),
	(475, 'Laura Carvalho Silva', '1º', 'Feminino', 6),
	(476, 'Amanda Oliveira Martins', '1º', 'Feminino', 6),
	(477, 'Beatriz Alves Gomes', '1º', 'Feminino', 6),
	(478, 'Helena Lima Nunes', '1º', 'Feminino', 6),
	(479, 'Isabella Ferreira Carvalho', '1º', 'Feminino', 6),
	(480, 'Isabella Oliveira Almeida', '1º', 'Feminino', 6),
	(481, 'Felipe Nunes Santos', '2º', 'Masculino', 6),
	(482, 'Caio Almeida Costa', '2º', 'Masculino', 6),
	(483, 'Mateus Alves Alves', '2º', 'Masculino', 6),
	(484, 'Felipe Martins Silva', '2º', 'Masculino', 6),
	(485, 'Leonardo Gomes Ferreira', '2º', 'Masculino', 6),
	(486, 'Bernardo Gomes Pereira', '2º', 'Masculino', 6),
	(487, 'Guilherme Lima Souza', '2º', 'Masculino', 6),
	(488, 'Caio Santos Pereira', '2º', 'Masculino', 6),
	(489, 'Enzo Mendes Nunes', '2º', 'Masculino', 6),
	(490, 'Arthur Oliveira Carvalho', '2º', 'Masculino', 6),
	(491, 'Enzo Ribeiro Barbosa', '2º', 'Masculino', 6),
	(492, 'Thiago Santos Vieira', '2º', 'Masculino', 6),
	(493, 'Rafael Santos Almeida', '2º', 'Masculino', 6),
	(494, 'Heitor Ribeiro Lima', '2º', 'Masculino', 6),
	(495, 'Caio Ferreira Martins', '2º', 'Masculino', 6),
	(496, 'Letícia Lima Oliveira', '2º', 'Feminino', 6),
	(497, 'Júlia Santos Oliveira', '2º', 'Feminino', 6),
	(498, 'Ana Alves Vieira', '2º', 'Feminino', 6),
	(499, 'Fernanda Souza Costa', '2º', 'Feminino', 6),
	(500, 'Mariana Melo Martins', '2º', 'Feminino', 6),
	(501, 'Alice Carvalho Almeida', '2º', 'Feminino', 6),
	(502, 'Helena Ferreira Pereira', '2º', 'Feminino', 6),
	(503, 'Sophia Souza Vieira', '2º', 'Feminino', 6),
	(504, 'Beatriz Pereira Oliveira', '2º', 'Feminino', 6),
	(505, 'Beatriz Carvalho Mendes', '2º', 'Feminino', 6),
	(506, 'Camila Silva Nunes', '2º', 'Feminino', 6),
	(507, 'Sophia Alves Gomes', '2º', 'Feminino', 6),
	(508, 'Manuela Vieira Lima', '2º', 'Feminino', 6),
	(509, 'Laura Mendes Ribeiro', '2º', 'Feminino', 6),
	(510, 'Giovanna Pereira Nunes', '2º', 'Feminino', 6),
	(511, 'Bernardo Barbosa Vieira', '3º', 'Masculino', 6),
	(512, 'Enzo Barbosa Souza', '3º', 'Masculino', 6),
	(513, 'Felipe Ferreira Gomes', '3º', 'Masculino', 6),
	(514, 'Gabriel Gomes Melo', '3º', 'Masculino', 6),
	(515, 'Guilherme Costa Melo', '3º', 'Masculino', 6),
	(516, 'João Carvalho Alves', '3º', 'Masculino', 6),
	(517, 'Vinícius Souza Almeida', '3º', 'Masculino', 6),
	(518, 'Heitor Oliveira Barbosa', '3º', 'Masculino', 6),
	(519, 'Rafael Rodrigues Vieira', '3º', 'Masculino', 6),
	(520, 'Guilherme Ferreira Carvalho', '3º', 'Masculino', 6),
	(521, 'Miguel Nunes Pereira', '3º', 'Masculino', 6),
	(522, 'Rafael Costa Melo', '3º', 'Masculino', 6),
	(523, 'Mateus Melo Oliveira', '3º', 'Masculino', 6),
	(524, 'Gabriel Ferreira Mendes', '3º', 'Masculino', 6),
	(525, 'Gabriel Rodrigues Martins', '3º', 'Masculino', 6),
	(526, 'Larissa Lima Mendes', '3º', 'Feminino', 6),
	(527, 'Valentina Lima Ribeiro', '3º', 'Feminino', 6),
	(528, 'Júlia Almeida Lima', '3º', 'Feminino', 6),
	(529, 'Manuela Martins Rodrigues', '3º', 'Feminino', 6),
	(530, 'Laura Carvalho Santos', '3º', 'Feminino', 6),
	(531, 'Maria Alves Nunes', '3º', 'Feminino', 6),
	(532, 'Amanda Silva Costa', '3º', 'Feminino', 6),
	(533, 'Giovanna Santos Oliveira', '3º', 'Feminino', 6),
	(534, 'Amanda Souza Carvalho', '3º', 'Feminino', 6),
	(535, 'Camila Ferreira Melo', '3º', 'Feminino', 6),
	(536, 'Luiza Mendes Silva', '3º', 'Feminino', 6),
	(537, 'Beatriz Barbosa Silva', '3º', 'Feminino', 6),
	(538, 'Valentina Nunes Lima', '3º', 'Feminino', 6),
	(539, 'Letícia Almeida Nunes', '3º', 'Feminino', 6),
	(540, 'Helena Oliveira Gomes', '3º', 'Feminino', 6),
	(541, 'Lucas Pereira Barbosa', '1º', 'Masculino', 7),
	(542, 'Heitor Almeida Nunes', '1º', 'Masculino', 7),
	(543, 'Miguel Santos Mendes', '1º', 'Masculino', 7),
	(544, 'Guilherme Santos Carvalho', '1º', 'Masculino', 7),
	(545, 'Vinícius Souza Santos', '1º', 'Masculino', 7),
	(546, 'Eduardo Alves Carvalho', '1º', 'Masculino', 7),
	(547, 'Gabriel Almeida Pereira', '1º', 'Masculino', 7),
	(548, 'Davi Barbosa Lima', '1º', 'Masculino', 7),
	(549, 'Gabriel Almeida Ferreira', '1º', 'Masculino', 7),
	(550, 'Enzo Martins Gomes', '1º', 'Masculino', 7),
	(551, 'Lucas Melo Lima', '1º', 'Masculino', 7),
	(552, 'Thiago Ferreira Pereira', '1º', 'Masculino', 7),
	(553, 'Eduardo Almeida Ferreira', '1º', 'Masculino', 7),
	(554, 'Lucas Carvalho Mendes', '1º', 'Masculino', 7),
	(555, 'Leonardo Santos Costa', '1º', 'Masculino', 7),
	(556, 'Giovanna Ferreira Mendes', '1º', 'Feminino', 7),
	(557, 'Ana Melo Gomes', '1º', 'Feminino', 7),
	(558, 'Fernanda Almeida Rodrigues', '1º', 'Feminino', 7),
	(559, 'Fernanda Ferreira Rodrigues', '1º', 'Feminino', 7),
	(560, 'Gabriela Gomes Costa', '1º', 'Feminino', 7),
	(561, 'Sophia Lima Costa', '1º', 'Feminino', 7),
	(562, 'Isabella Alves Gomes', '1º', 'Feminino', 7),
	(563, 'Maria Martins Mendes', '1º', 'Feminino', 7),
	(564, 'Gabriela Rodrigues Carvalho', '1º', 'Feminino', 7),
	(565, 'Isabella Barbosa Almeida', '1º', 'Feminino', 7),
	(566, 'Maria Ribeiro Rodrigues', '1º', 'Feminino', 7),
	(567, 'Sophia Silva Souza', '1º', 'Feminino', 7),
	(568, 'Isabella Mendes Ferreira', '1º', 'Feminino', 7),
	(569, 'Sophia Carvalho Almeida', '1º', 'Feminino', 7),
	(570, 'Maria Costa Melo', '1º', 'Feminino', 7),
	(571, 'Davi Ribeiro Martins', '2º', 'Masculino', 7),
	(572, 'João Costa Ferreira', '2º', 'Masculino', 7),
	(573, 'Guilherme Martins Vieira', '2º', 'Masculino', 7),
	(574, 'Arthur Ferreira Souza', '2º', 'Masculino', 7),
	(575, 'Caio Rodrigues Almeida', '2º', 'Masculino', 7),
	(576, 'Rafael Almeida Oliveira', '2º', 'Masculino', 7),
	(577, 'Mateus Lima Ribeiro', '2º', 'Masculino', 7),
	(578, 'Thiago Costa Gomes', '2º', 'Masculino', 7),
	(579, 'Daniel Santos Silva', '2º', 'Masculino', 7),
	(580, 'Bernardo Santos Souza', '2º', 'Masculino', 7),
	(581, 'Felipe Mendes Pereira', '2º', 'Masculino', 7),
	(582, 'Rafael Vieira Alves', '2º', 'Masculino', 7),
	(583, 'Arthur Carvalho Melo', '2º', 'Masculino', 7),
	(584, 'Thiago Melo Costa', '2º', 'Masculino', 7),
	(585, 'Leonardo Barbosa Martins', '2º', 'Masculino', 7),
	(586, 'Larissa Pereira Nunes', '2º', 'Feminino', 7),
	(587, 'Maria Rodrigues Oliveira', '2º', 'Feminino', 7),
	(588, 'Letícia Ribeiro Melo', '2º', 'Feminino', 7),
	(589, 'Mariana Barbosa Silva', '2º', 'Feminino', 7),
	(590, 'Sophia Ribeiro Pereira', '2º', 'Feminino', 7),
	(591, 'Isabella Carvalho Rodrigues', '2º', 'Feminino', 7),
	(592, 'Valentina Silva Barbosa', '2º', 'Feminino', 7),
	(593, 'Fernanda Vieira Ferreira', '2º', 'Feminino', 7),
	(594, 'Letícia Barbosa Pereira', '2º', 'Feminino', 7),
	(595, 'Camila Ribeiro Mendes', '2º', 'Feminino', 7),
	(596, 'Fernanda Vieira Ferreira', '2º', 'Feminino', 7),
	(597, 'Helena Gomes Lima', '2º', 'Feminino', 7),
	(598, 'Helena Barbosa Ferreira', '2º', 'Feminino', 7),
	(599, 'Camila Lima Pereira', '2º', 'Feminino', 7),
	(600, 'Larissa Nunes Ribeiro', '2º', 'Feminino', 7),
	(601, 'Eduardo Gomes Martins', '3º', 'Masculino', 7),
	(602, 'Thiago Oliveira Vieira', '3º', 'Masculino', 7),
	(603, 'Daniel Lima Souza', '3º', 'Masculino', 7),
	(604, 'Arthur Lima Rodrigues', '3º', 'Masculino', 7),
	(605, 'Caio Ferreira Santos', '3º', 'Masculino', 7),
	(606, 'Eduardo Melo Costa', '3º', 'Masculino', 7),
	(607, 'Enzo Vieira Ferreira', '3º', 'Masculino', 7),
	(608, 'Mateus Oliveira Costa', '3º', 'Masculino', 7),
	(609, 'Mateus Oliveira Martins', '3º', 'Masculino', 7),
	(610, 'Gabriel Gomes Ribeiro', '3º', 'Masculino', 7),
	(611, 'Vinícius Gomes Ribeiro', '3º', 'Masculino', 7),
	(612, 'Thiago Martins Souza', '3º', 'Masculino', 7),
	(613, 'Mateus Nunes Santos', '3º', 'Masculino', 7),
	(614, 'Gabriel Barbosa Mendes', '3º', 'Masculino', 7),
	(615, 'Arthur Martins Vieira', '3º', 'Masculino', 7),
	(616, 'Luiza Souza Martins', '3º', 'Feminino', 7),
	(617, 'Valentina Oliveira Nunes', '3º', 'Feminino', 7),
	(618, 'Helena Martins Lima', '3º', 'Feminino', 7),
	(619, 'Gabriela Oliveira Ribeiro', '3º', 'Feminino', 7),
	(620, 'Laura Martins Almeida', '3º', 'Feminino', 7),
	(621, 'Larissa Alves Santos', '3º', 'Feminino', 7),
	(622, 'Maria Almeida Carvalho', '3º', 'Feminino', 7),
	(623, 'Valentina Vieira Ferreira', '3º', 'Feminino', 7),
	(624, 'Beatriz Lima Barbosa', '3º', 'Feminino', 7),
	(625, 'Mariana Barbosa Ribeiro', '3º', 'Feminino', 7),
	(626, 'Manuela Rodrigues Martins', '3º', 'Feminino', 7),
	(627, 'Valentina Rodrigues Gomes', '3º', 'Feminino', 7),
	(628, 'Ana Barbosa Martins', '3º', 'Feminino', 7),
	(629, 'Sophia Alves Carvalho', '3º', 'Feminino', 7),
	(630, 'Alice Ferreira Vieira', '3º', 'Feminino', 7);

-- Copiando estrutura para tabela tcc_interclasse.local
CREATE TABLE IF NOT EXISTS `local` (
  `id_local` int(11) NOT NULL AUTO_INCREMENT,
  `nome_local` varchar(100) NOT NULL,
  PRIMARY KEY (`id_local`)
) ENGINE=InnoDB AUTO_INCREMENT=3 DEFAULT CHARSET=utf8mb4 COLLATE=utf8mb4_unicode_ci;

-- Copiando dados para a tabela tcc_interclasse.local: ~2 rows (aproximadamente)
INSERT INTO `local` (`id_local`, `nome_local`) VALUES
	(1, 'Quadra de Cima'),
	(2, 'Quadra de Baixo');

-- Copiando estrutura para tabela tcc_interclasse.modalidade
CREATE TABLE IF NOT EXISTS `modalidade` (
  `id_modalidade` int(11) NOT NULL AUTO_INCREMENT,
  `nome_modalidade` varchar(50) NOT NULL,
  PRIMARY KEY (`id_modalidade`)
) ENGINE=InnoDB AUTO_INCREMENT=5 DEFAULT CHARSET=utf8mb4 COLLATE=utf8mb4_unicode_ci;

-- Copiando dados para a tabela tcc_interclasse.modalidade: ~4 rows (aproximadamente)
INSERT INTO `modalidade` (`id_modalidade`, `nome_modalidade`) VALUES
	(1, 'Futsal'),
	(2, 'Vôlei'),
	(3, 'Basquete'),
	(4, 'Handebol');

-- Copiando estrutura para tabela tcc_interclasse.partida
CREATE TABLE IF NOT EXISTS `partida` (
  `id_partida` int(11) NOT NULL AUTO_INCREMENT,
  `data_hora_partida` datetime NOT NULL,
  `status_partida` varchar(20) NOT NULL,
  `pontos_casa` int(11) DEFAULT NULL,
  `pontos_visitante` int(11) DEFAULT NULL,
  `fk_id_grupo` int(11) DEFAULT NULL,
  `fk_id_local` int(11) NOT NULL,
  `fk_id_torneio` int(11) NOT NULL,
  `fk_id_modalidade` int(11) NOT NULL,
  `genero` varchar(10) NOT NULL,
  `tipo` varchar(20) NOT NULL DEFAULT 'GRUPO',
  `fase` varchar(50) DEFAULT NULL,
  `ordem` int(11) DEFAULT NULL,
  PRIMARY KEY (`id_partida`),
  KEY `Partida_fk_id_grupo_fkey` (`fk_id_grupo`),
  KEY `Partida_fk_id_local_fkey` (`fk_id_local`),
  KEY `Partida_fk_id_torneio_fkey` (`fk_id_torneio`),
  KEY `Partida_fk_id_modalidade_fkey` (`fk_id_modalidade`),
  CONSTRAINT `Partida_fk_id_grupo_fkey` FOREIGN KEY (`fk_id_grupo`) REFERENCES `grupo` (`id_grupo`) ON DELETE SET NULL ON UPDATE CASCADE,
  CONSTRAINT `Partida_fk_id_local_fkey` FOREIGN KEY (`fk_id_local`) REFERENCES `local` (`id_local`) ON UPDATE CASCADE,
  CONSTRAINT `Partida_fk_id_modalidade_fkey` FOREIGN KEY (`fk_id_modalidade`) REFERENCES `modalidade` (`id_modalidade`) ON UPDATE CASCADE,
  CONSTRAINT `Partida_fk_id_torneio_fkey` FOREIGN KEY (`fk_id_torneio`) REFERENCES `torneio` (`id_torneio`) ON UPDATE CASCADE
) ENGINE=InnoDB AUTO_INCREMENT=79 DEFAULT CHARSET=utf8mb4 COLLATE=utf8mb4_unicode_ci;

-- Copiando dados para a tabela tcc_interclasse.partida: ~78 rows (aproximadamente)
INSERT INTO `partida` (`id_partida`, `data_hora_partida`, `status_partida`, `pontos_casa`, `pontos_visitante`, `fk_id_grupo`, `fk_id_local`, `fk_id_torneio`, `fk_id_modalidade`, `genero`, `tipo`, `fase`, `ordem`) VALUES
	(1, '2025-09-08 22:45:57', 'FINALIZADA', 1, 3, 1, 1, 1, 4, 'Masculino', 'GRUPO', 'Grupos', NULL),
	(2, '2025-09-08 23:45:57', 'FINALIZADA', 2, 2, 2, 1, 1, 4, 'Masculino', 'GRUPO', 'Grupos', NULL),
	(3, '2025-09-09 00:45:57', 'FINALIZADA', 1, 2, 3, 1, 1, 4, 'Masculino', 'GRUPO', 'Grupos', NULL),
	(4, '2025-09-09 01:45:57', 'FINALIZADA', 3, 3, 4, 1, 1, 4, 'Masculino', 'GRUPO', 'Grupos', NULL),
	(5, '2025-09-09 02:45:57', 'FINALIZADA', 4, 3, 5, 1, 1, 4, 'Masculino', 'GRUPO', 'Grupos', NULL),
	(6, '2025-09-09 03:45:57', 'FINALIZADA', 0, 0, 6, 1, 1, 4, 'Masculino', 'GRUPO', 'Grupos', NULL),
	(7, '2025-09-09 04:45:57', 'FINALIZADA', 1, 1, 7, 1, 1, 4, 'Masculino', 'GRUPO', 'Grupos', NULL),
	(8, '2025-09-09 05:45:57', 'FINALIZADA', 0, 3, 8, 1, 1, 4, 'Feminino', 'GRUPO', 'Grupos', NULL),
	(9, '2025-09-09 06:45:57', 'FINALIZADA', 1, 2, 9, 1, 1, 4, 'Feminino', 'GRUPO', 'Grupos', NULL),
	(10, '2025-09-09 07:45:57', 'FINALIZADA', 3, 4, 10, 1, 1, 4, 'Feminino', 'GRUPO', 'Grupos', NULL),
	(11, '2025-09-09 08:45:57', 'FINALIZADA', 4, 1, 11, 1, 1, 4, 'Feminino', 'GRUPO', 'Grupos', NULL),
	(12, '2025-09-09 09:45:57', 'FINALIZADA', 2, 4, 12, 1, 1, 4, 'Feminino', 'GRUPO', 'Grupos', NULL),
	(13, '2025-09-09 10:45:57', 'FINALIZADA', 1, 2, 13, 1, 1, 4, 'Feminino', 'GRUPO', 'Grupos', NULL),
	(14, '2025-09-09 11:45:57', 'FINALIZADA', 4, 0, 14, 1, 1, 4, 'Feminino', 'GRUPO', 'Grupos', NULL),
	(15, '2025-09-09 12:45:57', 'FINALIZADA', 4, 2, 15, 1, 1, 2, 'Masculino', 'GRUPO', 'Grupos', NULL),
	(16, '2025-09-09 13:45:57', 'FINALIZADA', 2, 3, 16, 1, 1, 2, 'Masculino', 'GRUPO', 'Grupos', NULL),
	(17, '2025-09-09 14:45:57', 'FINALIZADA', 3, 0, 17, 1, 1, 2, 'Masculino', 'GRUPO', 'Grupos', NULL),
	(18, '2025-09-09 15:45:57', 'FINALIZADA', 4, 1, 18, 1, 1, 2, 'Masculino', 'GRUPO', 'Grupos', NULL),
	(19, '2025-09-09 16:45:57', 'FINALIZADA', 4, 3, 19, 1, 1, 2, 'Masculino', 'GRUPO', 'Grupos', NULL),
	(20, '2025-09-09 17:45:57', 'FINALIZADA', 3, 4, 20, 1, 1, 2, 'Masculino', 'GRUPO', 'Grupos', NULL),
	(21, '2025-09-09 18:45:57', 'FINALIZADA', 1, 1, 21, 1, 1, 2, 'Masculino', 'GRUPO', 'Grupos', NULL),
	(22, '2025-09-09 19:45:57', 'FINALIZADA', 4, 4, 22, 1, 1, 2, 'Masculino', 'GRUPO', 'Grupos', NULL),
	(23, '2025-09-09 20:45:57', 'FINALIZADA', 2, 2, 31, 1, 1, 2, 'Feminino', 'GRUPO', 'Grupos', NULL),
	(24, '2025-09-09 21:45:57', 'FINALIZADA', 4, 4, 32, 1, 1, 2, 'Feminino', 'GRUPO', 'Grupos', NULL),
	(25, '2025-09-09 22:45:57', 'FINALIZADA', 4, 2, 33, 1, 1, 2, 'Feminino', 'GRUPO', 'Grupos', NULL),
	(26, '2025-09-09 23:45:57', 'FINALIZADA', 4, 0, 34, 1, 1, 2, 'Feminino', 'GRUPO', 'Grupos', NULL),
	(27, '2025-09-10 00:45:57', 'FINALIZADA', 4, 1, 35, 1, 1, 2, 'Feminino', 'GRUPO', 'Grupos', NULL),
	(28, '2025-09-10 01:45:57', 'FINALIZADA', 0, 3, 36, 1, 1, 2, 'Feminino', 'GRUPO', 'Grupos', NULL),
	(29, '2025-09-10 02:45:57', 'FINALIZADA', 4, 3, 37, 1, 1, 2, 'Feminino', 'GRUPO', 'Grupos', NULL),
	(30, '2025-09-10 03:45:57', 'FINALIZADA', 2, 4, 38, 1, 1, 2, 'Feminino', 'GRUPO', 'Grupos', NULL),
	(31, '2025-09-10 04:45:57', 'FINALIZADA', 4, 0, 1, 1, 1, 4, 'Masculino', 'GRUPO', 'Grupos', NULL),
	(32, '2025-09-10 05:45:57', 'FINALIZADA', 1, 0, 2, 1, 1, 4, 'Masculino', 'GRUPO', 'Grupos', NULL),
	(33, '2025-09-10 06:45:58', 'FINALIZADA', 3, 4, 3, 1, 1, 4, 'Masculino', 'GRUPO', 'Grupos', NULL),
	(34, '2025-09-10 07:45:58', 'FINALIZADA', 2, 4, 4, 1, 1, 4, 'Masculino', 'GRUPO', 'Grupos', NULL),
	(35, '2025-09-10 08:45:58', 'FINALIZADA', 3, 3, 5, 1, 1, 4, 'Masculino', 'GRUPO', 'Grupos', NULL),
	(36, '2025-09-10 09:45:58', 'FINALIZADA', 4, 4, 6, 1, 1, 4, 'Masculino', 'GRUPO', 'Grupos', NULL),
	(37, '2025-09-10 10:45:58', 'FINALIZADA', 2, 2, 7, 1, 1, 4, 'Masculino', 'GRUPO', 'Grupos', NULL),
	(38, '2025-09-10 11:45:58', 'FINALIZADA', 4, 3, 8, 1, 1, 4, 'Feminino', 'GRUPO', 'Grupos', NULL),
	(39, '2025-09-10 12:45:58', 'FINALIZADA', 4, 0, 9, 1, 1, 4, 'Feminino', 'GRUPO', 'Grupos', NULL),
	(40, '2025-09-10 13:45:58', 'FINALIZADA', 2, 2, 10, 1, 1, 4, 'Feminino', 'GRUPO', 'Grupos', NULL),
	(41, '2025-09-10 14:45:58', 'FINALIZADA', 3, 3, 11, 1, 1, 4, 'Feminino', 'GRUPO', 'Grupos', NULL),
	(42, '2025-09-10 15:45:58', 'FINALIZADA', 0, 0, 12, 1, 1, 4, 'Feminino', 'GRUPO', 'Grupos', NULL),
	(43, '2025-09-10 16:45:58', 'FINALIZADA', 3, 4, 13, 1, 1, 4, 'Feminino', 'GRUPO', 'Grupos', NULL),
	(44, '2025-09-10 17:45:58', 'FINALIZADA', 2, 3, 14, 1, 1, 4, 'Feminino', 'GRUPO', 'Grupos', NULL),
	(45, '2025-09-10 18:45:58', 'FINALIZADA', 3, 2, 15, 1, 1, 2, 'Masculino', 'GRUPO', 'Grupos', NULL),
	(46, '2025-09-10 19:45:58', 'FINALIZADA', 3, 1, 16, 1, 1, 2, 'Masculino', 'GRUPO', 'Grupos', NULL),
	(47, '2025-09-10 20:45:58', 'FINALIZADA', 2, 0, 17, 1, 1, 2, 'Masculino', 'GRUPO', 'Grupos', NULL),
	(48, '2025-09-10 21:45:58', 'FINALIZADA', 0, 4, 18, 1, 1, 2, 'Masculino', 'GRUPO', 'Grupos', NULL),
	(49, '2025-09-10 22:45:58', 'FINALIZADA', 2, 4, 19, 1, 1, 2, 'Masculino', 'GRUPO', 'Grupos', NULL),
	(50, '2025-09-10 23:45:58', 'FINALIZADA', 0, 1, 31, 1, 1, 2, 'Feminino', 'GRUPO', 'Grupos', NULL),
	(51, '2025-09-11 00:45:58', 'FINALIZADA', 3, 4, 32, 1, 1, 2, 'Feminino', 'GRUPO', 'Grupos', NULL),
	(52, '2025-09-11 01:45:58', 'FINALIZADA', 1, 3, 33, 1, 1, 2, 'Feminino', 'GRUPO', 'Grupos', NULL),
	(53, '2025-09-11 02:45:58', 'FINALIZADA', 1, 2, 34, 1, 1, 2, 'Feminino', 'GRUPO', 'Grupos', NULL),
	(54, '2025-09-11 03:45:58', 'FINALIZADA', 2, 1, 35, 1, 1, 2, 'Feminino', 'GRUPO', 'Grupos', NULL),
	(55, '2025-09-11 04:45:58', 'FINALIZADA', 0, 0, 1, 1, 1, 4, 'Masculino', 'GRUPO', 'Grupos', NULL),
	(56, '2025-09-11 05:45:58', 'FINALIZADA', 1, 0, 2, 1, 1, 4, 'Masculino', 'GRUPO', 'Grupos', NULL),
	(57, '2025-09-11 06:45:58', 'FINALIZADA', 4, 1, 3, 1, 1, 4, 'Masculino', 'GRUPO', 'Grupos', NULL),
	(58, '2025-09-11 07:45:58', 'FINALIZADA', 4, 1, 4, 1, 1, 4, 'Masculino', 'GRUPO', 'Grupos', NULL),
	(59, '2025-09-11 08:45:58', 'FINALIZADA', 2, 4, 5, 1, 1, 4, 'Masculino', 'GRUPO', 'Grupos', NULL),
	(60, '2025-09-11 09:45:58', 'FINALIZADA', 3, 2, 6, 1, 1, 4, 'Masculino', 'GRUPO', 'Grupos', NULL),
	(61, '2025-09-11 10:45:58', 'FINALIZADA', 1, 4, 7, 1, 1, 4, 'Masculino', 'GRUPO', 'Grupos', NULL),
	(62, '2025-09-11 11:45:58', 'FINALIZADA', 2, 3, 8, 1, 1, 4, 'Feminino', 'GRUPO', 'Grupos', NULL),
	(63, '2025-09-11 12:45:58', 'FINALIZADA', 3, 1, 9, 1, 1, 4, 'Feminino', 'GRUPO', 'Grupos', NULL),
	(64, '2025-09-11 13:45:58', 'FINALIZADA', 0, 1, 10, 1, 1, 4, 'Feminino', 'GRUPO', 'Grupos', NULL),
	(65, '2025-09-11 14:45:58', 'FINALIZADA', 4, 2, 11, 1, 1, 4, 'Feminino', 'GRUPO', 'Grupos', NULL),
	(66, '2025-09-11 15:45:58', 'FINALIZADA', 3, 4, 12, 1, 1, 4, 'Feminino', 'GRUPO', 'Grupos', NULL),
	(67, '2025-09-11 16:45:58', 'FINALIZADA', 2, 3, 13, 1, 1, 4, 'Feminino', 'GRUPO', 'Grupos', NULL),
	(68, '2025-09-11 17:45:58', 'FINALIZADA', 4, 3, 14, 1, 1, 4, 'Feminino', 'GRUPO', 'Grupos', NULL),
	(69, '2025-09-11 18:45:58', 'FINALIZADA', 4, 2, 15, 1, 1, 2, 'Masculino', 'GRUPO', 'Grupos', NULL),
	(70, '2025-09-11 19:45:58', 'FINALIZADA', 3, 2, 16, 1, 1, 2, 'Masculino', 'GRUPO', 'Grupos', NULL),
	(71, '2025-09-11 20:45:58', 'FINALIZADA', 1, 3, 17, 1, 1, 2, 'Masculino', 'GRUPO', 'Grupos', NULL),
	(72, '2025-09-11 21:45:58', 'FINALIZADA', 0, 0, 18, 1, 1, 2, 'Masculino', 'GRUPO', 'Grupos', NULL),
	(73, '2025-09-11 22:45:58', 'FINALIZADA', 3, 1, 19, 1, 1, 2, 'Masculino', 'GRUPO', 'Grupos', NULL),
	(74, '2025-09-11 23:45:58', 'FINALIZADA', 3, 4, 31, 1, 1, 2, 'Feminino', 'GRUPO', 'Grupos', NULL),
	(75, '2025-09-12 00:45:58', 'FINALIZADA', 4, 1, 32, 1, 1, 2, 'Feminino', 'GRUPO', 'Grupos', NULL),
	(76, '2025-09-12 01:45:58', 'FINALIZADA', 3, 1, 33, 1, 1, 2, 'Feminino', 'GRUPO', 'Grupos', NULL),
	(77, '2025-09-12 02:45:58', 'FINALIZADA', 3, 4, 34, 1, 1, 2, 'Feminino', 'GRUPO', 'Grupos', NULL),
	(78, '2025-09-12 03:45:58', 'FINALIZADA', 1, 0, 35, 1, 1, 2, 'Feminino', 'GRUPO', 'Grupos', NULL);

-- Copiando estrutura para tabela tcc_interclasse.partidatime
CREATE TABLE IF NOT EXISTS `partidatime` (
  `fk_id_partida` int(11) NOT NULL,
  `fk_id_time` int(11) NOT NULL,
  `eh_casa` tinyint(1) NOT NULL,
  `resutado_partida` varchar(191) NOT NULL DEFAULT 'PENDENTE',
  `pontos_torneio` int(11) NOT NULL DEFAULT 0,
  PRIMARY KEY (`fk_id_partida`,`fk_id_time`),
  KEY `PartidaTime_fk_id_time_fkey` (`fk_id_time`),
  CONSTRAINT `PartidaTime_fk_id_partida_fkey` FOREIGN KEY (`fk_id_partida`) REFERENCES `partida` (`id_partida`) ON UPDATE CASCADE,
  CONSTRAINT `PartidaTime_fk_id_time_fkey` FOREIGN KEY (`fk_id_time`) REFERENCES `time` (`id_time`) ON UPDATE CASCADE
) ENGINE=InnoDB DEFAULT CHARSET=utf8mb4 COLLATE=utf8mb4_unicode_ci;

-- Copiando dados para a tabela tcc_interclasse.partidatime: ~156 rows (aproximadamente)
INSERT INTO `partidatime` (`fk_id_partida`, `fk_id_time`, `eh_casa`, `resutado_partida`, `pontos_torneio`) VALUES
	(1, 59, 1, 'PERDEDOR', 0),
	(1, 71, 0, 'VENCEDOR', 3),
	(2, 47, 1, 'EMPATE', 1),
	(2, 55, 0, 'EMPATE', 1),
	(3, 51, 1, 'PERDEDOR', 0),
	(3, 79, 0, 'VENCEDOR', 3),
	(4, 23, 1, 'EMPATE', 1),
	(4, 75, 0, 'EMPATE', 1),
	(5, 63, 1, 'VENCEDOR', 3),
	(5, 83, 0, 'PERDEDOR', 0),
	(6, 31, 1, 'EMPATE', 1),
	(6, 67, 0, 'EMPATE', 1),
	(7, 39, 1, 'EMPATE', 1),
	(7, 43, 0, 'EMPATE', 1),
	(8, 56, 1, 'PERDEDOR', 0),
	(8, 84, 0, 'VENCEDOR', 3),
	(9, 24, 1, 'PERDEDOR', 0),
	(9, 76, 0, 'VENCEDOR', 3),
	(10, 36, 1, 'PERDEDOR', 0),
	(10, 40, 0, 'VENCEDOR', 3),
	(11, 20, 1, 'VENCEDOR', 3),
	(11, 68, 0, 'PERDEDOR', 0),
	(12, 28, 1, 'PERDEDOR', 0),
	(12, 44, 0, 'VENCEDOR', 3),
	(13, 64, 1, 'PERDEDOR', 0),
	(13, 72, 0, 'VENCEDOR', 3),
	(14, 60, 1, 'VENCEDOR', 3),
	(14, 80, 0, 'PERDEDOR', 0),
	(15, 25, 1, 'VENCEDOR', 3),
	(15, 81, 0, 'PERDEDOR', 0),
	(16, 29, 1, 'PERDEDOR', 0),
	(16, 37, 0, 'VENCEDOR', 3),
	(17, 13, 1, 'VENCEDOR', 3),
	(17, 17, 0, 'PERDEDOR', 0),
	(18, 57, 1, 'VENCEDOR', 3),
	(18, 77, 0, 'PERDEDOR', 0),
	(19, 65, 1, 'VENCEDOR', 3),
	(19, 73, 0, 'PERDEDOR', 0),
	(20, 33, 1, 'PERDEDOR', 0),
	(20, 61, 0, 'VENCEDOR', 3),
	(21, 49, 1, 'EMPATE', 1),
	(21, 69, 0, 'EMPATE', 1),
	(22, 21, 1, 'EMPATE', 1),
	(22, 45, 0, 'EMPATE', 1),
	(23, 26, 1, 'EMPATE', 1),
	(23, 30, 0, 'EMPATE', 1),
	(24, 38, 1, 'EMPATE', 1),
	(24, 42, 0, 'EMPATE', 1),
	(25, 46, 1, 'VENCEDOR', 3),
	(25, 78, 0, 'PERDEDOR', 0),
	(26, 62, 1, 'VENCEDOR', 3),
	(26, 74, 0, 'PERDEDOR', 0),
	(27, 34, 1, 'VENCEDOR', 3),
	(27, 54, 0, 'PERDEDOR', 0),
	(28, 2, 1, 'PERDEDOR', 0),
	(28, 70, 0, 'VENCEDOR', 3),
	(29, 50, 1, 'VENCEDOR', 3),
	(29, 66, 0, 'PERDEDOR', 0),
	(30, 14, 1, 'PERDEDOR', 0),
	(30, 82, 0, 'VENCEDOR', 3),
	(31, 15, 1, 'VENCEDOR', 3),
	(31, 59, 0, 'PERDEDOR', 0),
	(32, 3, 1, 'VENCEDOR', 3),
	(32, 47, 0, 'PERDEDOR', 0),
	(33, 7, 1, 'PERDEDOR', 0),
	(33, 51, 0, 'VENCEDOR', 3),
	(34, 19, 1, 'PERDEDOR', 0),
	(34, 23, 0, 'VENCEDOR', 3),
	(35, 35, 1, 'EMPATE', 1),
	(35, 63, 0, 'EMPATE', 1),
	(36, 11, 1, 'EMPATE', 1),
	(36, 31, 0, 'EMPATE', 1),
	(37, 27, 1, 'EMPATE', 1),
	(37, 39, 0, 'EMPATE', 1),
	(38, 32, 1, 'VENCEDOR', 3),
	(38, 56, 0, 'PERDEDOR', 0),
	(39, 12, 1, 'VENCEDOR', 3),
	(39, 24, 0, 'PERDEDOR', 0),
	(40, 8, 1, 'EMPATE', 1),
	(40, 36, 0, 'EMPATE', 1),
	(41, 4, 1, 'EMPATE', 1),
	(41, 20, 0, 'EMPATE', 1),
	(42, 16, 1, 'EMPATE', 1),
	(42, 28, 0, 'EMPATE', 1),
	(43, 48, 1, 'PERDEDOR', 0),
	(43, 64, 0, 'VENCEDOR', 3),
	(44, 52, 1, 'PERDEDOR', 0),
	(44, 60, 0, 'VENCEDOR', 3),
	(45, 1, 1, 'VENCEDOR', 3),
	(45, 25, 0, 'PERDEDOR', 0),
	(46, 9, 1, 'VENCEDOR', 3),
	(46, 29, 0, 'PERDEDOR', 0),
	(47, 5, 1, 'VENCEDOR', 3),
	(47, 13, 0, 'PERDEDOR', 0),
	(48, 41, 1, 'PERDEDOR', 0),
	(48, 57, 0, 'VENCEDOR', 3),
	(49, 53, 1, 'PERDEDOR', 0),
	(49, 65, 0, 'VENCEDOR', 3),
	(50, 10, 1, 'PERDEDOR', 0),
	(50, 26, 0, 'VENCEDOR', 3),
	(51, 6, 1, 'PERDEDOR', 0),
	(51, 38, 0, 'VENCEDOR', 3),
	(52, 22, 1, 'PERDEDOR', 0),
	(52, 46, 0, 'VENCEDOR', 3),
	(53, 58, 1, 'PERDEDOR', 0),
	(53, 62, 0, 'VENCEDOR', 3),
	(54, 18, 1, 'VENCEDOR', 3),
	(54, 34, 0, 'PERDEDOR', 0),
	(55, 15, 1, 'EMPATE', 1),
	(55, 71, 0, 'EMPATE', 1),
	(56, 3, 1, 'VENCEDOR', 3),
	(56, 55, 0, 'PERDEDOR', 0),
	(57, 7, 1, 'VENCEDOR', 3),
	(57, 79, 0, 'PERDEDOR', 0),
	(58, 19, 1, 'VENCEDOR', 3),
	(58, 75, 0, 'PERDEDOR', 0),
	(59, 35, 1, 'PERDEDOR', 0),
	(59, 83, 0, 'VENCEDOR', 3),
	(60, 11, 1, 'VENCEDOR', 3),
	(60, 67, 0, 'PERDEDOR', 0),
	(61, 27, 1, 'PERDEDOR', 0),
	(61, 43, 0, 'VENCEDOR', 3),
	(62, 32, 1, 'PERDEDOR', 0),
	(62, 84, 0, 'VENCEDOR', 3),
	(63, 12, 1, 'VENCEDOR', 3),
	(63, 76, 0, 'PERDEDOR', 0),
	(64, 8, 1, 'PERDEDOR', 0),
	(64, 40, 0, 'VENCEDOR', 3),
	(65, 4, 1, 'VENCEDOR', 3),
	(65, 68, 0, 'PERDEDOR', 0),
	(66, 16, 1, 'PERDEDOR', 0),
	(66, 44, 0, 'VENCEDOR', 3),
	(67, 48, 1, 'PERDEDOR', 0),
	(67, 72, 0, 'VENCEDOR', 3),
	(68, 52, 1, 'VENCEDOR', 3),
	(68, 80, 0, 'PERDEDOR', 0),
	(69, 1, 1, 'VENCEDOR', 3),
	(69, 81, 0, 'PERDEDOR', 0),
	(70, 9, 1, 'VENCEDOR', 3),
	(70, 37, 0, 'PERDEDOR', 0),
	(71, 5, 1, 'PERDEDOR', 0),
	(71, 17, 0, 'VENCEDOR', 3),
	(72, 41, 1, 'EMPATE', 1),
	(72, 77, 0, 'EMPATE', 1),
	(73, 53, 1, 'VENCEDOR', 3),
	(73, 73, 0, 'PERDEDOR', 0),
	(74, 10, 1, 'PERDEDOR', 0),
	(74, 30, 0, 'VENCEDOR', 3),
	(75, 6, 1, 'VENCEDOR', 3),
	(75, 42, 0, 'PERDEDOR', 0),
	(76, 22, 1, 'VENCEDOR', 3),
	(76, 78, 0, 'PERDEDOR', 0),
	(77, 58, 1, 'PERDEDOR', 0),
	(77, 74, 0, 'VENCEDOR', 3),
	(78, 18, 1, 'VENCEDOR', 3),
	(78, 54, 0, 'PERDEDOR', 0);

-- Copiando estrutura para tabela tcc_interclasse.time
CREATE TABLE IF NOT EXISTS `time` (
  `id_time` int(11) NOT NULL AUTO_INCREMENT,
  `nome_time` varchar(100) NOT NULL,
  `sala_time` varchar(10) NOT NULL,
  `fk_id_curso` int(11) NOT NULL,
  `fk_id_categoria` int(11) NOT NULL,
  `fk_id_torneio` int(11) NOT NULL,
  PRIMARY KEY (`id_time`),
  KEY `Time_fk_id_curso_fkey` (`fk_id_curso`),
  KEY `Time_fk_id_categoria_fkey` (`fk_id_categoria`),
  KEY `Time_fk_id_torneio_fkey` (`fk_id_torneio`),
  CONSTRAINT `Time_fk_id_categoria_fkey` FOREIGN KEY (`fk_id_categoria`) REFERENCES `categoria` (`id_categoria`) ON UPDATE CASCADE,
  CONSTRAINT `Time_fk_id_curso_fkey` FOREIGN KEY (`fk_id_curso`) REFERENCES `curso` (`id_curso`) ON UPDATE CASCADE,
  CONSTRAINT `Time_fk_id_torneio_fkey` FOREIGN KEY (`fk_id_torneio`) REFERENCES `torneio` (`id_torneio`) ON UPDATE CASCADE
) ENGINE=InnoDB AUTO_INCREMENT=85 DEFAULT CHARSET=utf8mb4 COLLATE=utf8mb4_unicode_ci;

-- Copiando dados para a tabela tcc_interclasse.time: ~84 rows (aproximadamente)
INSERT INTO `time` (`id_time`, `nome_time`, `sala_time`, `fk_id_curso`, `fk_id_categoria`, `fk_id_torneio`) VALUES
	(1, '1ºDS', '1º', 1, 1, 1),
	(2, '1ºDS', '1º', 1, 2, 1),
	(3, '1ºDS', '1º', 1, 3, 1),
	(4, '1ºDS', '1º', 1, 4, 1),
	(5, '2ºDS', '2º', 1, 1, 1),
	(6, '2ºDS', '2º', 1, 2, 1),
	(7, '2ºDS', '2º', 1, 3, 1),
	(8, '2ºDS', '2º', 1, 4, 1),
	(9, '3ºDS', '3º', 1, 1, 1),
	(10, '3ºDS', '3º', 1, 2, 1),
	(11, '3ºDS', '3º', 1, 3, 1),
	(12, '3ºDS', '3º', 1, 4, 1),
	(13, '1ºETEL', '1º', 2, 1, 1),
	(14, '1ºETEL', '1º', 2, 2, 1),
	(15, '1ºETEL', '1º', 2, 3, 1),
	(16, '1ºETEL', '1º', 2, 4, 1),
	(17, '2ºETEL', '2º', 2, 1, 1),
	(18, '2ºETEL', '2º', 2, 2, 1),
	(19, '2ºETEL', '2º', 2, 3, 1),
	(20, '2ºETEL', '2º', 2, 4, 1),
	(21, '3ºETEL', '3º', 2, 1, 1),
	(22, '3ºETEL', '3º', 2, 2, 1),
	(23, '3ºETEL', '3º', 2, 3, 1),
	(24, '3ºETEL', '3º', 2, 4, 1),
	(25, '1ºEVE', '1º', 3, 1, 1),
	(26, '1ºEVE', '1º', 3, 2, 1),
	(27, '1ºEVE', '1º', 3, 3, 1),
	(28, '1ºEVE', '1º', 3, 4, 1),
	(29, '2ºEVE', '2º', 3, 1, 1),
	(30, '2ºEVE', '2º', 3, 2, 1),
	(31, '2ºEVE', '2º', 3, 3, 1),
	(32, '2ºEVE', '2º', 3, 4, 1),
	(33, '3ºEVE', '3º', 3, 1, 1),
	(34, '3ºEVE', '3º', 3, 2, 1),
	(35, '3ºEVE', '3º', 3, 3, 1),
	(36, '3ºEVE', '3º', 3, 4, 1),
	(37, '1ºETIQ', '1º', 4, 1, 1),
	(38, '1ºETIQ', '1º', 4, 2, 1),
	(39, '1ºETIQ', '1º', 4, 3, 1),
	(40, '1ºETIQ', '1º', 4, 4, 1),
	(41, '2ºETIQ', '2º', 4, 1, 1),
	(42, '2ºETIQ', '2º', 4, 2, 1),
	(43, '2ºETIQ', '2º', 4, 3, 1),
	(44, '2ºETIQ', '2º', 4, 4, 1),
	(45, '3ºETIQ', '3º', 4, 1, 1),
	(46, '3ºETIQ', '3º', 4, 2, 1),
	(47, '3ºETIQ', '3º', 4, 3, 1),
	(48, '3ºETIQ', '3º', 4, 4, 1),
	(49, '1ºHUM', '1º', 5, 1, 1),
	(50, '1ºHUM', '1º', 5, 2, 1),
	(51, '1ºHUM', '1º', 5, 3, 1),
	(52, '1ºHUM', '1º', 5, 4, 1),
	(53, '2ºHUM', '2º', 5, 1, 1),
	(54, '2ºHUM', '2º', 5, 2, 1),
	(55, '2ºHUM', '2º', 5, 3, 1),
	(56, '2ºHUM', '2º', 5, 4, 1),
	(57, '3ºHUM', '3º', 5, 1, 1),
	(58, '3ºHUM', '3º', 5, 2, 1),
	(59, '3ºHUM', '3º', 5, 3, 1),
	(60, '3ºHUM', '3º', 5, 4, 1),
	(61, '1ºEDA', '1º', 6, 1, 1),
	(62, '1ºEDA', '1º', 6, 2, 1),
	(63, '1ºEDA', '1º', 6, 3, 1),
	(64, '1ºEDA', '1º', 6, 4, 1),
	(65, '2ºEDA', '2º', 6, 1, 1),
	(66, '2ºEDA', '2º', 6, 2, 1),
	(67, '2ºEDA', '2º', 6, 3, 1),
	(68, '2ºEDA', '2º', 6, 4, 1),
	(69, '3ºEDA', '3º', 6, 1, 1),
	(70, '3ºEDA', '3º', 6, 2, 1),
	(71, '3ºEDA', '3º', 6, 3, 1),
	(72, '3ºEDA', '3º', 6, 4, 1),
	(73, '1ºADA', '1º', 7, 1, 1),
	(74, '1ºADA', '1º', 7, 2, 1),
	(75, '1ºADA', '1º', 7, 3, 1),
	(76, '1ºADA', '1º', 7, 4, 1),
	(77, '2ºADA', '2º', 7, 1, 1),
	(78, '2ºADA', '2º', 7, 2, 1),
	(79, '2ºADA', '2º', 7, 3, 1),
	(80, '2ºADA', '2º', 7, 4, 1),
	(81, '3ºADA', '3º', 7, 1, 1),
	(82, '3ºADA', '3º', 7, 2, 1),
	(83, '3ºADA', '3º', 7, 3, 1),
	(84, '3ºADA', '3º', 7, 4, 1);

-- Copiando estrutura para tabela tcc_interclasse.time_jogadores
CREATE TABLE IF NOT EXISTS `time_jogadores` (
  `fk_id_time` int(11) NOT NULL,
  `fk_id_jogador` int(11) NOT NULL,
  `numero_camisa` int(11) NOT NULL,
  PRIMARY KEY (`fk_id_time`,`fk_id_jogador`),
  KEY `Time_Jogadores_fk_id_jogador_fkey` (`fk_id_jogador`),
  CONSTRAINT `Time_Jogadores_fk_id_jogador_fkey` FOREIGN KEY (`fk_id_jogador`) REFERENCES `jogador` (`id_jogador`) ON UPDATE CASCADE,
  CONSTRAINT `Time_Jogadores_fk_id_time_fkey` FOREIGN KEY (`fk_id_time`) REFERENCES `time` (`id_time`) ON UPDATE CASCADE
) ENGINE=InnoDB DEFAULT CHARSET=utf8mb4 COLLATE=utf8mb4_unicode_ci;

-- Copiando dados para a tabela tcc_interclasse.time_jogadores: ~546 rows (aproximadamente)
INSERT INTO `time_jogadores` (`fk_id_time`, `fk_id_jogador`, `numero_camisa`) VALUES
	(1, 1, 1),
	(1, 2, 2),
	(1, 3, 3),
	(1, 4, 4),
	(1, 5, 5),
	(1, 6, 6),
	(2, 16, 1),
	(2, 17, 2),
	(2, 18, 3),
	(2, 19, 4),
	(2, 20, 5),
	(2, 21, 6),
	(3, 1, 1),
	(3, 2, 2),
	(3, 3, 3),
	(3, 4, 4),
	(3, 5, 5),
	(3, 6, 6),
	(3, 7, 7),
	(4, 16, 1),
	(4, 17, 2),
	(4, 18, 3),
	(4, 19, 4),
	(4, 20, 5),
	(4, 21, 6),
	(4, 22, 7),
	(5, 31, 1),
	(5, 32, 2),
	(5, 33, 3),
	(5, 34, 4),
	(5, 35, 5),
	(5, 36, 6),
	(6, 46, 1),
	(6, 47, 2),
	(6, 48, 3),
	(6, 49, 4),
	(6, 50, 5),
	(6, 51, 6),
	(7, 31, 1),
	(7, 32, 2),
	(7, 33, 3),
	(7, 34, 4),
	(7, 35, 5),
	(7, 36, 6),
	(7, 37, 7),
	(8, 46, 1),
	(8, 47, 2),
	(8, 48, 3),
	(8, 49, 4),
	(8, 50, 5),
	(8, 51, 6),
	(8, 52, 7),
	(9, 61, 1),
	(9, 62, 2),
	(9, 63, 3),
	(9, 64, 4),
	(9, 65, 5),
	(9, 66, 6),
	(10, 76, 1),
	(10, 77, 2),
	(10, 78, 3),
	(10, 79, 4),
	(10, 80, 5),
	(10, 81, 6),
	(11, 61, 1),
	(11, 62, 2),
	(11, 63, 3),
	(11, 64, 4),
	(11, 65, 5),
	(11, 66, 6),
	(11, 67, 7),
	(12, 76, 1),
	(12, 77, 2),
	(12, 78, 3),
	(12, 79, 4),
	(12, 80, 5),
	(12, 81, 6),
	(12, 82, 7),
	(13, 91, 1),
	(13, 92, 2),
	(13, 93, 3),
	(13, 94, 4),
	(13, 95, 5),
	(13, 96, 6),
	(14, 106, 1),
	(14, 107, 2),
	(14, 108, 3),
	(14, 109, 4),
	(14, 110, 5),
	(14, 111, 6),
	(15, 91, 1),
	(15, 92, 2),
	(15, 93, 3),
	(15, 94, 4),
	(15, 95, 5),
	(15, 96, 6),
	(15, 97, 7),
	(16, 106, 1),
	(16, 107, 2),
	(16, 108, 3),
	(16, 109, 4),
	(16, 110, 5),
	(16, 111, 6),
	(16, 112, 7),
	(17, 121, 1),
	(17, 122, 2),
	(17, 123, 3),
	(17, 124, 4),
	(17, 125, 5),
	(17, 126, 6),
	(18, 136, 1),
	(18, 137, 2),
	(18, 138, 3),
	(18, 139, 4),
	(18, 140, 5),
	(18, 141, 6),
	(19, 121, 1),
	(19, 122, 2),
	(19, 123, 3),
	(19, 124, 4),
	(19, 125, 5),
	(19, 126, 6),
	(19, 127, 7),
	(20, 136, 1),
	(20, 137, 2),
	(20, 138, 3),
	(20, 139, 4),
	(20, 140, 5),
	(20, 141, 6),
	(20, 142, 7),
	(21, 151, 1),
	(21, 152, 2),
	(21, 153, 3),
	(21, 154, 4),
	(21, 155, 5),
	(21, 156, 6),
	(22, 166, 1),
	(22, 167, 2),
	(22, 168, 3),
	(22, 169, 4),
	(22, 170, 5),
	(22, 171, 6),
	(23, 151, 1),
	(23, 152, 2),
	(23, 153, 3),
	(23, 154, 4),
	(23, 155, 5),
	(23, 156, 6),
	(23, 157, 7),
	(24, 166, 1),
	(24, 167, 2),
	(24, 168, 3),
	(24, 169, 4),
	(24, 170, 5),
	(24, 171, 6),
	(24, 172, 7),
	(25, 181, 1),
	(25, 182, 2),
	(25, 183, 3),
	(25, 184, 4),
	(25, 185, 5),
	(25, 186, 6),
	(26, 196, 1),
	(26, 197, 2),
	(26, 198, 3),
	(26, 199, 4),
	(26, 200, 5),
	(26, 201, 6),
	(27, 181, 1),
	(27, 182, 2),
	(27, 183, 3),
	(27, 184, 4),
	(27, 185, 5),
	(27, 186, 6),
	(27, 187, 7),
	(28, 196, 1),
	(28, 197, 2),
	(28, 198, 3),
	(28, 199, 4),
	(28, 200, 5),
	(28, 201, 6),
	(28, 202, 7),
	(29, 211, 1),
	(29, 212, 2),
	(29, 213, 3),
	(29, 214, 4),
	(29, 215, 5),
	(29, 216, 6),
	(30, 226, 1),
	(30, 227, 2),
	(30, 228, 3),
	(30, 229, 4),
	(30, 230, 5),
	(30, 231, 6),
	(31, 211, 1),
	(31, 212, 2),
	(31, 213, 3),
	(31, 214, 4),
	(31, 215, 5),
	(31, 216, 6),
	(31, 217, 7),
	(32, 226, 1),
	(32, 227, 2),
	(32, 228, 3),
	(32, 229, 4),
	(32, 230, 5),
	(32, 231, 6),
	(32, 232, 7),
	(33, 241, 1),
	(33, 242, 2),
	(33, 243, 3),
	(33, 244, 4),
	(33, 245, 5),
	(33, 246, 6),
	(34, 256, 1),
	(34, 257, 2),
	(34, 258, 3),
	(34, 259, 4),
	(34, 260, 5),
	(34, 261, 6),
	(35, 241, 1),
	(35, 242, 2),
	(35, 243, 3),
	(35, 244, 4),
	(35, 245, 5),
	(35, 246, 6),
	(35, 247, 7),
	(36, 256, 1),
	(36, 257, 2),
	(36, 258, 3),
	(36, 259, 4),
	(36, 260, 5),
	(36, 261, 6),
	(36, 262, 7),
	(37, 271, 1),
	(37, 272, 2),
	(37, 273, 3),
	(37, 274, 4),
	(37, 275, 5),
	(37, 276, 6),
	(38, 286, 1),
	(38, 287, 2),
	(38, 288, 3),
	(38, 289, 4),
	(38, 290, 5),
	(38, 291, 6),
	(39, 271, 1),
	(39, 272, 2),
	(39, 273, 3),
	(39, 274, 4),
	(39, 275, 5),
	(39, 276, 6),
	(39, 277, 7),
	(40, 286, 1),
	(40, 287, 2),
	(40, 288, 3),
	(40, 289, 4),
	(40, 290, 5),
	(40, 291, 6),
	(40, 292, 7),
	(41, 301, 1),
	(41, 302, 2),
	(41, 303, 3),
	(41, 304, 4),
	(41, 305, 5),
	(41, 306, 6),
	(42, 316, 1),
	(42, 317, 2),
	(42, 318, 3),
	(42, 319, 4),
	(42, 320, 5),
	(42, 321, 6),
	(43, 301, 1),
	(43, 302, 2),
	(43, 303, 3),
	(43, 304, 4),
	(43, 305, 5),
	(43, 306, 6),
	(43, 307, 7),
	(44, 316, 1),
	(44, 317, 2),
	(44, 318, 3),
	(44, 319, 4),
	(44, 320, 5),
	(44, 321, 6),
	(44, 322, 7),
	(45, 331, 1),
	(45, 332, 2),
	(45, 333, 3),
	(45, 334, 4),
	(45, 335, 5),
	(45, 336, 6),
	(46, 346, 1),
	(46, 347, 2),
	(46, 348, 3),
	(46, 349, 4),
	(46, 350, 5),
	(46, 351, 6),
	(47, 331, 1),
	(47, 332, 2),
	(47, 333, 3),
	(47, 334, 4),
	(47, 335, 5),
	(47, 336, 6),
	(47, 337, 7),
	(48, 346, 1),
	(48, 347, 2),
	(48, 348, 3),
	(48, 349, 4),
	(48, 350, 5),
	(48, 351, 6),
	(48, 352, 7),
	(49, 361, 1),
	(49, 362, 2),
	(49, 363, 3),
	(49, 364, 4),
	(49, 365, 5),
	(49, 366, 6),
	(50, 376, 1),
	(50, 377, 2),
	(50, 378, 3),
	(50, 379, 4),
	(50, 380, 5),
	(50, 381, 6),
	(51, 361, 1),
	(51, 362, 2),
	(51, 363, 3),
	(51, 364, 4),
	(51, 365, 5),
	(51, 366, 6),
	(51, 367, 7),
	(52, 376, 1),
	(52, 377, 2),
	(52, 378, 3),
	(52, 379, 4),
	(52, 380, 5),
	(52, 381, 6),
	(52, 382, 7),
	(53, 391, 1),
	(53, 392, 2),
	(53, 393, 3),
	(53, 394, 4),
	(53, 395, 5),
	(53, 396, 6),
	(54, 406, 1),
	(54, 407, 2),
	(54, 408, 3),
	(54, 409, 4),
	(54, 410, 5),
	(54, 411, 6),
	(55, 391, 1),
	(55, 392, 2),
	(55, 393, 3),
	(55, 394, 4),
	(55, 395, 5),
	(55, 396, 6),
	(55, 397, 7),
	(56, 406, 1),
	(56, 407, 2),
	(56, 408, 3),
	(56, 409, 4),
	(56, 410, 5),
	(56, 411, 6),
	(56, 412, 7),
	(57, 421, 1),
	(57, 422, 2),
	(57, 423, 3),
	(57, 424, 4),
	(57, 425, 5),
	(57, 426, 6),
	(58, 436, 1),
	(58, 437, 2),
	(58, 438, 3),
	(58, 439, 4),
	(58, 440, 5),
	(58, 441, 6),
	(59, 421, 1),
	(59, 422, 2),
	(59, 423, 3),
	(59, 424, 4),
	(59, 425, 5),
	(59, 426, 6),
	(59, 427, 7),
	(60, 436, 1),
	(60, 437, 2),
	(60, 438, 3),
	(60, 439, 4),
	(60, 440, 5),
	(60, 441, 6),
	(60, 442, 7),
	(61, 451, 1),
	(61, 452, 2),
	(61, 453, 3),
	(61, 454, 4),
	(61, 455, 5),
	(61, 456, 6),
	(62, 466, 1),
	(62, 467, 2),
	(62, 468, 3),
	(62, 469, 4),
	(62, 470, 5),
	(62, 471, 6),
	(63, 451, 1),
	(63, 452, 2),
	(63, 453, 3),
	(63, 454, 4),
	(63, 455, 5),
	(63, 456, 6),
	(63, 457, 7),
	(64, 466, 1),
	(64, 467, 2),
	(64, 468, 3),
	(64, 469, 4),
	(64, 470, 5),
	(64, 471, 6),
	(64, 472, 7),
	(65, 481, 1),
	(65, 482, 2),
	(65, 483, 3),
	(65, 484, 4),
	(65, 485, 5),
	(65, 486, 6),
	(66, 496, 1),
	(66, 497, 2),
	(66, 498, 3),
	(66, 499, 4),
	(66, 500, 5),
	(66, 501, 6),
	(67, 481, 1),
	(67, 482, 2),
	(67, 483, 3),
	(67, 484, 4),
	(67, 485, 5),
	(67, 486, 6),
	(67, 487, 7),
	(68, 496, 1),
	(68, 497, 2),
	(68, 498, 3),
	(68, 499, 4),
	(68, 500, 5),
	(68, 501, 6),
	(68, 502, 7),
	(69, 511, 1),
	(69, 512, 2),
	(69, 513, 3),
	(69, 514, 4),
	(69, 515, 5),
	(69, 516, 6),
	(70, 526, 1),
	(70, 527, 2),
	(70, 528, 3),
	(70, 529, 4),
	(70, 530, 5),
	(70, 531, 6),
	(71, 511, 1),
	(71, 512, 2),
	(71, 513, 3),
	(71, 514, 4),
	(71, 515, 5),
	(71, 516, 6),
	(71, 517, 7),
	(72, 526, 1),
	(72, 527, 2),
	(72, 528, 3),
	(72, 529, 4),
	(72, 530, 5),
	(72, 531, 6),
	(72, 532, 7),
	(73, 541, 1),
	(73, 542, 2),
	(73, 543, 3),
	(73, 544, 4),
	(73, 545, 5),
	(73, 546, 6),
	(74, 556, 1),
	(74, 557, 2),
	(74, 558, 3),
	(74, 559, 4),
	(74, 560, 5),
	(74, 561, 6),
	(75, 541, 1),
	(75, 542, 2),
	(75, 543, 3),
	(75, 544, 4),
	(75, 545, 5),
	(75, 546, 6),
	(75, 547, 7),
	(76, 556, 1),
	(76, 557, 2),
	(76, 558, 3),
	(76, 559, 4),
	(76, 560, 5),
	(76, 561, 6),
	(76, 562, 7),
	(77, 571, 1),
	(77, 572, 2),
	(77, 573, 3),
	(77, 574, 4),
	(77, 575, 5),
	(77, 576, 6),
	(78, 586, 1),
	(78, 587, 2),
	(78, 588, 3),
	(78, 589, 4),
	(78, 590, 5),
	(78, 591, 6),
	(79, 571, 1),
	(79, 572, 2),
	(79, 573, 3),
	(79, 574, 4),
	(79, 575, 5),
	(79, 576, 6),
	(79, 577, 7),
	(80, 586, 1),
	(80, 587, 2),
	(80, 588, 3),
	(80, 589, 4),
	(80, 590, 5),
	(80, 591, 6),
	(80, 592, 7),
	(81, 601, 1),
	(81, 602, 2),
	(81, 603, 3),
	(81, 604, 4),
	(81, 605, 5),
	(81, 606, 6),
	(82, 616, 1),
	(82, 617, 2),
	(82, 618, 3),
	(82, 619, 4),
	(82, 620, 5),
	(82, 621, 6),
	(83, 601, 1),
	(83, 602, 2),
	(83, 603, 3),
	(83, 604, 4),
	(83, 605, 5),
	(83, 606, 6),
	(83, 607, 7),
	(84, 616, 1),
	(84, 617, 2),
	(84, 618, 3),
	(84, 619, 4),
	(84, 620, 5),
	(84, 621, 6),
	(84, 622, 7);

-- Copiando estrutura para tabela tcc_interclasse.torneio
CREATE TABLE IF NOT EXISTS `torneio` (
  `id_torneio` int(11) NOT NULL AUTO_INCREMENT,
  `nome_torneio` varchar(200) NOT NULL,
  `status_torneio` varchar(20) NOT NULL,
  `inicio_torneio` datetime NOT NULL,
  `fim_torneio` datetime NOT NULL,
  PRIMARY KEY (`id_torneio`)
) ENGINE=InnoDB AUTO_INCREMENT=2 DEFAULT CHARSET=utf8mb4 COLLATE=utf8mb4_unicode_ci;

-- Copiando dados para a tabela tcc_interclasse.torneio: ~1 rows (aproximadamente)
INSERT INTO `torneio` (`id_torneio`, `nome_torneio`, `status_torneio`, `inicio_torneio`, `fim_torneio`) VALUES
	(1, 'Meio do Ano 2024', 'EM ANDAMENTO', '2024-05-15 11:00:00', '2024-06-15 21:00:00');

-- Copiando estrutura para tabela tcc_interclasse.torneio_modalidades
CREATE TABLE IF NOT EXISTS `torneio_modalidades` (
  `fk_id_torneio` int(11) NOT NULL,
  `fk_id_modalidade` int(11) NOT NULL,
  PRIMARY KEY (`fk_id_torneio`,`fk_id_modalidade`),
  KEY `Torneio_Modalidades_fk_id_modalidade_fkey` (`fk_id_modalidade`),
  CONSTRAINT `Torneio_Modalidades_fk_id_modalidade_fkey` FOREIGN KEY (`fk_id_modalidade`) REFERENCES `modalidade` (`id_modalidade`) ON UPDATE CASCADE,
  CONSTRAINT `Torneio_Modalidades_fk_id_torneio_fkey` FOREIGN KEY (`fk_id_torneio`) REFERENCES `torneio` (`id_torneio`) ON UPDATE CASCADE
) ENGINE=InnoDB DEFAULT CHARSET=utf8mb4 COLLATE=utf8mb4_unicode_ci;

-- Copiando dados para a tabela tcc_interclasse.torneio_modalidades: ~0 rows (aproximadamente)

-- Copiando estrutura para tabela tcc_interclasse.usuario
CREATE TABLE IF NOT EXISTS `usuario` (
  `id_usuario` int(11) NOT NULL AUTO_INCREMENT,
  `nome_usuario` varchar(70) NOT NULL,
  `email_usuario` varchar(70) NOT NULL,
  `senha_hash` varchar(255) NOT NULL,
  PRIMARY KEY (`id_usuario`),
  UNIQUE KEY `Usuario_email_usuario_key` (`email_usuario`)
) ENGINE=InnoDB DEFAULT CHARSET=utf8mb4 COLLATE=utf8mb4_unicode_ci;

-- Copiando dados para a tabela tcc_interclasse.usuario: ~0 rows (aproximadamente)

/*!40103 SET TIME_ZONE=IFNULL(@OLD_TIME_ZONE, 'system') */;
/*!40101 SET SQL_MODE=IFNULL(@OLD_SQL_MODE, '') */;
/*!40014 SET FOREIGN_KEY_CHECKS=IFNULL(@OLD_FOREIGN_KEY_CHECKS, 1) */;
/*!40101 SET CHARACTER_SET_CLIENT=@OLD_CHARACTER_SET_CLIENT */;
/*!40111 SET SQL_NOTES=IFNULL(@OLD_SQL_NOTES, 1) */;
