-- --------------------------------------------------------
-- Servidor:                     127.0.0.1
-- Versão do servidor:           10.4.32-MariaDB - mariadb.org binary distribution
-- OS do Servidor:               Win64
-- HeidiSQL Versão:              12.8.0.6908
-- --------------------------------------------------------

/*!40101 SET @OLD_CHARACTER_SET_CLIENT=@@CHARACTER_SET_CLIENT */;
/*!40101 SET NAMES utf8 */;
/*!50503 SET NAMES utf8mb4 */;
/*!40103 SET @OLD_TIME_ZONE=@@TIME_ZONE */;
/*!40103 SET TIME_ZONE='+00:00' */;
/*!40014 SET @OLD_FOREIGN_KEY_CHECKS=@@FOREIGN_KEY_CHECKS, FOREIGN_KEY_CHECKS=0 */;
/*!40101 SET @OLD_SQL_MODE=@@SQL_MODE, SQL_MODE='NO_AUTO_VALUE_ON_ZERO' */;
/*!40111 SET @OLD_SQL_NOTES=@@SQL_NOTES, SQL_NOTES=0 */;


-- Copiando estrutura do banco de dados para tcc_interclasse
CREATE DATABASE IF NOT EXISTS `tcc_interclasse` /*!40100 DEFAULT CHARACTER SET utf8mb4 COLLATE utf8mb4_unicode_ci */;
USE `tcc_interclasse`;

-- Copiando estrutura para tabela tcc_interclasse.categoria
CREATE TABLE IF NOT EXISTS `categoria` (
  `id_categoria` int(11) NOT NULL AUTO_INCREMENT,
  `nome_categoria` varchar(50) NOT NULL,
  `genero_categoria` varchar(10) NOT NULL,
  `fk_id_modalidade` int(11) NOT NULL,
  PRIMARY KEY (`id_categoria`),
  KEY `Categoria_fk_id_modalidade_fkey` (`fk_id_modalidade`),
  CONSTRAINT `Categoria_fk_id_modalidade_fkey` FOREIGN KEY (`fk_id_modalidade`) REFERENCES `modalidade` (`id_modalidade`) ON UPDATE CASCADE
) ENGINE=InnoDB AUTO_INCREMENT=5 DEFAULT CHARSET=utf8mb4 COLLATE=utf8mb4_unicode_ci;

-- Copiando dados para a tabela tcc_interclasse.categoria: ~4 rows (aproximadamente)
INSERT INTO `categoria` (`id_categoria`, `nome_categoria`, `genero_categoria`, `fk_id_modalidade`) VALUES
	(1, 'Vôlei Masculino', 'Masculino', 2),
	(2, 'Vôlei Feminino', 'Feminino', 2),
	(3, 'Handebol Masculino', 'Masculino', 4),
	(4, 'Handebol Feminino', 'Feminino', 4);

-- Copiando estrutura para tabela tcc_interclasse.curso
CREATE TABLE IF NOT EXISTS `curso` (
  `id_curso` int(11) NOT NULL AUTO_INCREMENT,
  `nome_curso` varchar(100) NOT NULL,
  `sigla_curso` varchar(10) NOT NULL,
  PRIMARY KEY (`id_curso`),
  UNIQUE KEY `Curso_sigla_curso_key` (`sigla_curso`)
) ENGINE=InnoDB AUTO_INCREMENT=8 DEFAULT CHARSET=utf8mb4 COLLATE=utf8mb4_unicode_ci;

-- Copiando dados para a tabela tcc_interclasse.curso: ~7 rows (aproximadamente)
INSERT INTO `curso` (`id_curso`, `nome_curso`, `sigla_curso`) VALUES
	(1, 'Desenvolvimento de Sistemas', 'DS'),
	(2, 'Eletrônica', 'ETEL'),
	(3, 'Eventos', 'EVE'),
	(4, 'Química', 'ETIQ'),
	(5, 'Humanas', 'HUM'),
	(6, 'Edificações', 'EDA'),
	(7, 'Administração', 'ADA');

-- Copiando estrutura para tabela tcc_interclasse.eventopartida
CREATE TABLE IF NOT EXISTS `eventopartida` (
  `id_evento` int(11) NOT NULL AUTO_INCREMENT,
  `tipo_evento` varchar(30) NOT NULL,
  `pontos_gerados` int(11) NOT NULL,
  `fk_id_partida` int(11) NOT NULL,
  `fk_id_jogador` int(11) NOT NULL,
  PRIMARY KEY (`id_evento`),
  KEY `EventoPartida_fk_id_partida_fkey` (`fk_id_partida`),
  KEY `EventoPartida_fk_id_jogador_fkey` (`fk_id_jogador`),
  CONSTRAINT `EventoPartida_fk_id_jogador_fkey` FOREIGN KEY (`fk_id_jogador`) REFERENCES `jogador` (`id_jogador`) ON UPDATE CASCADE,
  CONSTRAINT `EventoPartida_fk_id_partida_fkey` FOREIGN KEY (`fk_id_partida`) REFERENCES `partida` (`id_partida`) ON UPDATE CASCADE
) ENGINE=InnoDB AUTO_INCREMENT=382 DEFAULT CHARSET=utf8mb4 COLLATE=utf8mb4_unicode_ci;

-- Copiando dados para a tabela tcc_interclasse.eventopartida: ~381 rows (aproximadamente)
INSERT INTO `eventopartida` (`id_evento`, `tipo_evento`, `pontos_gerados`, `fk_id_partida`, `fk_id_jogador`) VALUES
	(1, 'Gol', 1, 1, 306),
	(2, 'Gol', 1, 1, 576),
	(3, 'Gol', 1, 1, 572),
	(4, 'Gol', 1, 1, 572),
	(5, 'Gol', 1, 1, 574),
	(6, 'Gol', 1, 2, 80),
	(7, 'Gol', 1, 2, 77),
	(8, 'Gol', 1, 2, 528),
	(9, 'Gol', 1, 2, 528),
	(10, 'Gol', 1, 3, 394),
	(11, 'Gol', 1, 3, 395),
	(12, 'Gol', 1, 3, 393),
	(13, 'Gol', 1, 3, 514),
	(14, 'Gol', 1, 3, 514),
	(15, 'Gol', 1, 3, 515),
	(16, 'Gol', 1, 3, 513),
	(17, 'Gol', 1, 5, 121),
	(18, 'Gol', 1, 5, 425),
	(19, 'Gol', 1, 6, 407),
	(20, 'Gol', 1, 6, 412),
	(21, 'Gol', 1, 6, 436),
	(22, 'Gol', 1, 6, 441),
	(23, 'Gol', 1, 6, 438),
	(24, 'Gol', 1, 7, 366),
	(25, 'Gol', 1, 7, 366),
	(26, 'Gol', 1, 7, 606),
	(27, 'Gol', 1, 7, 602),
	(28, 'Gol', 1, 7, 605),
	(29, 'Gol', 1, 7, 606),
	(30, 'Gol', 1, 8, 348),
	(31, 'Gol', 1, 8, 620),
	(32, 'Gol', 1, 8, 617),
	(33, 'Gol', 1, 8, 620),
	(34, 'Gol', 1, 8, 619),
	(35, 'Gol', 1, 9, 33),
	(36, 'Gol', 1, 9, 95),
	(37, 'Gol', 1, 9, 92),
	(38, 'Gol', 1, 9, 94),
	(39, 'Gol', 1, 9, 95),
	(40, 'Gol', 1, 10, 377),
	(41, 'Gol', 1, 10, 378),
	(42, 'Gol', 1, 10, 382),
	(43, 'Gol', 1, 11, 487),
	(44, 'Gol', 1, 12, 76),
	(45, 'Gol', 1, 12, 78),
	(46, 'Gol', 1, 12, 79),
	(47, 'Gol', 1, 13, 216),
	(48, 'Gol', 1, 14, 380),
	(49, 'Gol', 1, 15, 34),
	(50, 'Gol', 1, 15, 32),
	(51, 'Gol', 1, 16, 108),
	(52, 'Gol', 1, 16, 107),
	(53, 'Gol', 1, 18, 231),
	(54, 'Gol', 1, 18, 229),
	(55, 'Gol', 1, 18, 227),
	(56, 'Gol', 1, 18, 406),
	(57, 'Gol', 1, 18, 407),
	(58, 'Gol', 1, 19, 606),
	(59, 'Gol', 1, 20, 19),
	(60, 'Gol', 1, 20, 19),
	(61, 'Gol', 1, 20, 21),
	(62, 'Gol', 1, 20, 16),
	(63, 'Gol', 1, 20, 497),
	(64, 'Gol', 1, 20, 498),
	(65, 'Gol', 1, 21, 274),
	(66, 'Gol', 1, 21, 276),
	(67, 'Gol', 1, 21, 543),
	(68, 'Gol', 1, 22, 261),
	(69, 'Gol', 1, 22, 258),
	(70, 'Gol', 1, 22, 258),
	(71, 'Gol', 1, 22, 256),
	(72, 'Gol', 1, 22, 557),
	(73, 'Gol', 1, 22, 560),
	(74, 'Gol', 1, 22, 560),
	(75, 'Gol', 1, 22, 562),
	(76, 'Gol', 1, 23, 454),
	(77, 'Gol', 1, 23, 483),
	(78, 'Gol', 1, 24, 287),
	(79, 'Gol', 1, 24, 288),
	(80, 'Gol', 1, 24, 496),
	(81, 'Gol', 1, 24, 501),
	(82, 'Gol', 1, 24, 498),
	(83, 'Gol', 1, 24, 502),
	(84, 'Gol', 1, 25, 215),
	(85, 'Gol', 1, 25, 211),
	(86, 'Gol', 1, 25, 305),
	(87, 'Gol', 1, 25, 306),
	(88, 'Gol', 1, 25, 302),
	(89, 'Gol', 1, 25, 304),
	(90, 'Gol', 1, 26, 46),
	(91, 'Gol', 1, 26, 46),
	(92, 'Gol', 1, 26, 48),
	(93, 'Gol', 1, 26, 48),
	(94, 'Gol', 1, 26, 81),
	(95, 'Gol', 1, 27, 184),
	(96, 'Gol', 1, 27, 181),
	(97, 'Gol', 1, 27, 183),
	(98, 'Gol', 1, 28, 227),
	(99, 'Gol', 1, 28, 227),
	(100, 'Gol', 1, 28, 226),
	(101, 'Gol', 1, 28, 227),
	(102, 'Gol', 1, 29, 62),
	(103, 'Gol', 1, 29, 66),
	(104, 'Gol', 1, 29, 124),
	(105, 'Gol', 1, 29, 124),
	(106, 'Gol', 1, 29, 121),
	(107, 'Gol', 1, 30, 318),
	(108, 'Gol', 1, 30, 318),
	(109, 'Gol', 1, 30, 320),
	(110, 'Gol', 1, 30, 320),
	(111, 'Gol', 1, 30, 411),
	(112, 'Gol', 1, 30, 411),
	(113, 'Gol', 1, 31, 273),
	(114, 'Gol', 1, 31, 514),
	(115, 'Gol', 1, 32, 138),
	(116, 'Gol', 1, 32, 141),
	(117, 'Gol', 1, 32, 138),
	(118, 'Gol', 1, 32, 441),
	(119, 'Gol', 1, 33, 332),
	(120, 'Gol', 1, 33, 332),
	(121, 'Gol', 1, 33, 336),
	(122, 'Gol', 1, 33, 542),
	(123, 'Gol', 1, 33, 546),
	(124, 'Gol', 1, 34, 199),
	(125, 'Gol', 1, 34, 199),
	(126, 'Gol', 1, 34, 199),
	(127, 'Gol', 1, 34, 561),
	(128, 'Gol', 1, 35, 363),
	(129, 'Gol', 1, 35, 577),
	(130, 'Gol', 1, 35, 574),
	(131, 'Gol', 1, 35, 575),
	(132, 'Gol', 1, 36, 591),
	(133, 'Gol', 1, 36, 587),
	(134, 'Gol', 1, 36, 618),
	(135, 'Gol', 1, 37, 123),
	(136, 'Gol', 1, 37, 126),
	(137, 'Gol', 1, 37, 124),
	(138, 'Gol', 1, 37, 126),
	(139, 'Gol', 1, 38, 290),
	(140, 'Gol', 1, 38, 289),
	(141, 'Gol', 1, 38, 286),
	(142, 'Gol', 1, 38, 350),
	(143, 'Gol', 1, 38, 350),
	(144, 'Gol', 1, 38, 351),
	(145, 'Gol', 1, 39, 3),
	(146, 'Gol', 1, 39, 5),
	(147, 'Gol', 1, 40, 80),
	(148, 'Gol', 1, 40, 318),
	(149, 'Gol', 1, 40, 318),
	(150, 'Gol', 1, 40, 318),
	(151, 'Gol', 1, 40, 318),
	(152, 'Gol', 1, 41, 363),
	(153, 'Gol', 1, 41, 362),
	(154, 'Gol', 1, 41, 365),
	(155, 'Gol', 1, 42, 17),
	(156, 'Gol', 1, 42, 348),
	(157, 'Gol', 1, 43, 5),
	(158, 'Gol', 1, 43, 35),
	(159, 'Gol', 1, 43, 31),
	(160, 'Gol', 1, 45, 155),
	(161, 'Gol', 1, 45, 273),
	(162, 'Gol', 1, 46, 168),
	(163, 'Gol', 1, 46, 257),
	(164, 'Gol', 1, 46, 256),
	(165, 'Gol', 1, 46, 257),
	(166, 'Gol', 1, 46, 256),
	(167, 'Gol', 1, 47, 244),
	(168, 'Gol', 1, 47, 456),
	(169, 'Gol', 1, 47, 454),
	(170, 'Gol', 1, 48, 142),
	(171, 'Gol', 1, 48, 290),
	(172, 'Gol', 1, 48, 292),
	(173, 'Gol', 1, 48, 292),
	(174, 'Gol', 1, 48, 289),
	(175, 'Gol', 1, 49, 214),
	(176, 'Gol', 1, 49, 211),
	(177, 'Gol', 1, 49, 211),
	(178, 'Gol', 1, 49, 213),
	(179, 'Gol', 1, 49, 573),
	(180, 'Gol', 1, 49, 573),
	(181, 'Gol', 1, 49, 576),
	(182, 'Gol', 1, 49, 576),
	(183, 'Gol', 1, 50, 50),
	(184, 'Gol', 1, 50, 530),
	(185, 'Gol', 1, 50, 531),
	(186, 'Gol', 1, 50, 526),
	(187, 'Gol', 1, 50, 530),
	(188, 'Gol', 1, 51, 452),
	(189, 'Gol', 1, 51, 482),
	(190, 'Gol', 1, 51, 484),
	(191, 'Gol', 1, 51, 485),
	(192, 'Gol', 1, 51, 485),
	(193, 'Gol', 1, 52, 528),
	(194, 'Gol', 1, 52, 531),
	(195, 'Gol', 1, 52, 529),
	(196, 'Gol', 1, 52, 531),
	(197, 'Gol', 1, 53, 32),
	(198, 'Gol', 1, 54, 109),
	(199, 'Gol', 1, 54, 111),
	(200, 'Gol', 1, 54, 229),
	(201, 'Gol', 1, 54, 229),
	(202, 'Gol', 1, 54, 229),
	(203, 'Gol', 1, 54, 228),
	(204, 'Gol', 1, 55, 392),
	(205, 'Gol', 1, 55, 421),
	(206, 'Gol', 1, 56, 407),
	(207, 'Gol', 1, 56, 411),
	(208, 'Gol', 1, 56, 407),
	(209, 'Gol', 1, 56, 471),
	(210, 'Gol', 1, 57, 66),
	(211, 'Gol', 1, 57, 64),
	(212, 'Gol', 1, 57, 67),
	(213, 'Gol', 1, 57, 65),
	(214, 'Gol', 1, 58, 17),
	(215, 'Gol', 1, 58, 140),
	(216, 'Gol', 1, 59, 514),
	(217, 'Gol', 1, 59, 512),
	(218, 'Gol', 1, 59, 515),
	(219, 'Gol', 1, 59, 604),
	(220, 'Gol', 1, 59, 604),
	(221, 'Gol', 1, 59, 605),
	(222, 'Gol', 1, 60, 500),
	(223, 'Gol', 1, 60, 498),
	(224, 'Gol', 1, 60, 498),
	(225, 'Gol', 1, 61, 182),
	(226, 'Gol', 1, 61, 181),
	(227, 'Gol', 1, 61, 184),
	(228, 'Gol', 1, 61, 513),
	(229, 'Gol', 1, 62, 108),
	(230, 'Gol', 1, 62, 111),
	(231, 'Gol', 1, 62, 111),
	(232, 'Gol', 1, 62, 586),
	(233, 'Gol', 1, 62, 592),
	(234, 'Gol', 1, 62, 589),
	(235, 'Gol', 1, 63, 64),
	(236, 'Gol', 1, 63, 61),
	(237, 'Gol', 1, 63, 66),
	(238, 'Gol', 1, 63, 61),
	(239, 'Gol', 1, 63, 423),
	(240, 'Gol', 1, 64, 318),
	(241, 'Gol', 1, 64, 441),
	(242, 'Gol', 1, 64, 437),
	(243, 'Gol', 1, 64, 441),
	(244, 'Gol', 1, 64, 441),
	(245, 'Gol', 1, 65, 336),
	(246, 'Gol', 1, 65, 335),
	(247, 'Gol', 1, 65, 331),
	(248, 'Gol', 1, 65, 331),
	(249, 'Gol', 1, 65, 602),
	(250, 'Gol', 1, 65, 601),
	(251, 'Gol', 1, 66, 17),
	(252, 'Gol', 1, 66, 18),
	(253, 'Gol', 1, 66, 16),
	(254, 'Gol', 1, 66, 622),
	(255, 'Gol', 1, 66, 622),
	(256, 'Gol', 1, 66, 618),
	(257, 'Gol', 1, 67, 2),
	(258, 'Gol', 1, 67, 5),
	(259, 'Gol', 1, 67, 4),
	(260, 'Gol', 1, 67, 5),
	(261, 'Gol', 1, 67, 95),
	(262, 'Gol', 1, 67, 91),
	(263, 'Gol', 1, 67, 95),
	(264, 'Gol', 1, 67, 94),
	(265, 'Gol', 1, 68, 198),
	(266, 'Gol', 1, 68, 472),
	(267, 'Gol', 1, 68, 470),
	(268, 'Gol', 1, 68, 467),
	(269, 'Gol', 1, 68, 468),
	(270, 'Gol', 1, 69, 154),
	(271, 'Gol', 1, 69, 154),
	(272, 'Gol', 1, 70, 172),
	(273, 'Gol', 1, 71, 301),
	(274, 'Gol', 1, 71, 307),
	(275, 'Gol', 1, 71, 306),
	(276, 'Gol', 1, 71, 302),
	(277, 'Gol', 1, 71, 337),
	(278, 'Gol', 1, 71, 336),
	(279, 'Gol', 1, 71, 332),
	(280, 'Gol', 1, 71, 336),
	(281, 'Gol', 1, 72, 197),
	(282, 'Gol', 1, 72, 196),
	(283, 'Gol', 1, 72, 198),
	(284, 'Gol', 1, 72, 197),
	(285, 'Gol', 1, 74, 49),
	(286, 'Gol', 1, 74, 46),
	(287, 'Gol', 1, 74, 590),
	(288, 'Gol', 1, 74, 591),
	(289, 'Gol', 1, 74, 587),
	(290, 'Gol', 1, 75, 123),
	(291, 'Gol', 1, 75, 125),
	(292, 'Gol', 1, 76, 260),
	(293, 'Gol', 1, 76, 257),
	(294, 'Gol', 1, 76, 257),
	(295, 'Gol', 1, 76, 288),
	(296, 'Gol', 1, 77, 1),
	(297, 'Gol', 1, 77, 1),
	(298, 'Gol', 1, 77, 451),
	(299, 'Gol', 1, 77, 454),
	(300, 'Gol', 1, 78, 78),
	(301, 'Gol', 1, 78, 77),
	(302, 'Gol', 1, 79, 486),
	(303, 'Gol', 1, 79, 217),
	(304, 'Gol', 1, 79, 214),
	(305, 'Gol', 1, 80, 526),
	(306, 'Gol', 1, 80, 530),
	(307, 'Gol', 1, 80, 318),
	(308, 'Gol', 1, 80, 319),
	(309, 'Gol', 1, 80, 321),
	(310, 'Gol', 1, 80, 319),
	(311, 'Gol', 1, 81, 245),
	(312, 'Gol', 1, 81, 245),
	(313, 'Gol', 1, 81, 486),
	(314, 'Gol', 1, 82, 141),
	(315, 'Gol', 1, 82, 140),
	(316, 'Gol', 1, 82, 140),
	(317, 'Gol', 1, 82, 141),
	(318, 'Gol', 1, 82, 502),
	(319, 'Gol', 1, 82, 501),
	(320, 'Gol', 1, 82, 500),
	(321, 'Gol', 1, 82, 502),
	(322, 'Gol', 1, 83, 37),
	(323, 'Gol', 1, 83, 391),
	(324, 'Gol', 1, 83, 395),
	(325, 'Gol', 1, 83, 393),
	(326, 'Gol', 1, 83, 391),
	(327, 'Gol', 1, 84, 410),
	(328, 'Gol', 1, 84, 408),
	(329, 'Gol', 1, 84, 407),
	(330, 'Gol', 1, 84, 406),
	(331, 'Gol', 1, 85, 427),
	(332, 'Gol', 1, 85, 426),
	(333, 'Gol', 1, 85, 244),
	(334, 'Gol', 1, 85, 247),
	(335, 'Gol', 1, 85, 245),
	(336, 'Gol', 1, 85, 244),
	(337, 'Gol', 1, 86, 471),
	(338, 'Gol', 1, 86, 229),
	(339, 'Gol', 1, 86, 230),
	(340, 'Gol', 1, 87, 67),
	(341, 'Gol', 1, 87, 63),
	(342, 'Gol', 1, 87, 511),
	(343, 'Gol', 1, 87, 517),
	(344, 'Gol', 1, 88, 439),
	(345, 'Gol', 1, 88, 440),
	(346, 'Gol', 1, 89, 601),
	(347, 'Gol', 1, 89, 602),
	(348, 'Gol', 1, 89, 603),
	(349, 'Gol', 1, 89, 275),
	(350, 'Gol', 1, 89, 273),
	(351, 'Gol', 1, 89, 273),
	(352, 'Gol', 1, 89, 273),
	(353, 'Gol', 1, 90, 139),
	(354, 'Gol', 1, 91, 301),
	(355, 'Gol', 1, 91, 543),
	(356, 'Gol', 1, 91, 543),
	(357, 'Gol', 1, 92, 169),
	(358, 'Gol', 1, 92, 169),
	(359, 'Gol', 1, 92, 171),
	(360, 'Gol', 1, 92, 167),
	(361, 'Gol', 1, 92, 557),
	(362, 'Gol', 1, 92, 561),
	(363, 'Gol', 1, 92, 556),
	(364, 'Gol', 1, 92, 556),
	(365, 'Gol', 1, 93, 157),
	(366, 'Gol', 1, 93, 151),
	(367, 'Gol', 1, 93, 157),
	(368, 'Gol', 1, 93, 577),
	(369, 'Gol', 1, 93, 571),
	(370, 'Gol', 1, 94, 46),
	(371, 'Gol', 1, 94, 618),
	(372, 'Gol', 1, 94, 616),
	(373, 'Gol', 1, 94, 620),
	(374, 'Gol', 1, 95, 91),
	(375, 'Gol', 1, 95, 93),
	(376, 'Gol', 1, 95, 184),
	(377, 'Gol', 1, 96, 259),
	(378, 'Gol', 1, 96, 258),
	(379, 'Gol', 1, 96, 259),
	(380, 'Gol', 1, 96, 258),
	(381, 'Gol', 1, 96, 346);

-- Copiando estrutura para tabela tcc_interclasse.grupo
CREATE TABLE IF NOT EXISTS `grupo` (
  `id_grupo` int(11) NOT NULL AUTO_INCREMENT,
  `nome_grupo` varchar(50) NOT NULL,
  `fk_id_modalidade` int(11) NOT NULL,
  `fk_id_torneio` int(11) NOT NULL,
  PRIMARY KEY (`id_grupo`),
  KEY `Grupo_fk_id_modalidade_fkey` (`fk_id_modalidade`),
  KEY `Grupo_fk_id_torneio_fkey` (`fk_id_torneio`),
  CONSTRAINT `Grupo_fk_id_modalidade_fkey` FOREIGN KEY (`fk_id_modalidade`) REFERENCES `modalidade` (`id_modalidade`) ON UPDATE CASCADE,
  CONSTRAINT `Grupo_fk_id_torneio_fkey` FOREIGN KEY (`fk_id_torneio`) REFERENCES `torneio` (`id_torneio`) ON UPDATE CASCADE
) ENGINE=InnoDB AUTO_INCREMENT=27 DEFAULT CHARSET=utf8mb4 COLLATE=utf8mb4_unicode_ci;

-- Copiando dados para a tabela tcc_interclasse.grupo: ~26 rows (aproximadamente)
INSERT INTO `grupo` (`id_grupo`, `nome_grupo`, `fk_id_modalidade`, `fk_id_torneio`) VALUES
	(1, 'A-M', 4, 1),
	(2, 'B-M', 4, 1),
	(3, 'C-M', 4, 1),
	(4, 'D-M', 4, 1),
	(5, 'E-M', 4, 1),
	(6, 'F-M', 4, 1),
	(7, 'A-F', 4, 1),
	(8, 'B-F', 4, 1),
	(9, 'C-F', 4, 1),
	(10, 'D-F', 4, 1),
	(11, 'E-F', 4, 1),
	(12, 'F-F', 4, 1),
	(13, 'G-F', 4, 1),
	(14, 'A-M', 2, 1),
	(15, 'B-M', 2, 1),
	(16, 'C-M', 2, 1),
	(17, 'D-M', 2, 1),
	(18, 'E-M', 2, 1),
	(19, 'F-M', 2, 1),
	(20, 'G-M', 2, 1),
	(21, 'A-F', 2, 1),
	(22, 'B-F', 2, 1),
	(23, 'C-F', 2, 1),
	(24, 'D-F', 2, 1),
	(25, 'E-F', 2, 1),
	(26, 'F-F', 2, 1);

-- Copiando estrutura para tabela tcc_interclasse.grupotime
CREATE TABLE IF NOT EXISTS `grupotime` (
  `fk_id_grupo` int(11) NOT NULL,
  `fk_id_time` int(11) NOT NULL,
  PRIMARY KEY (`fk_id_grupo`,`fk_id_time`),
  KEY `GrupoTime_fk_id_time_fkey` (`fk_id_time`),
  CONSTRAINT `GrupoTime_fk_id_grupo_fkey` FOREIGN KEY (`fk_id_grupo`) REFERENCES `grupo` (`id_grupo`) ON UPDATE CASCADE,
  CONSTRAINT `GrupoTime_fk_id_time_fkey` FOREIGN KEY (`fk_id_time`) REFERENCES `time` (`id_time`) ON UPDATE CASCADE
) ENGINE=InnoDB DEFAULT CHARSET=utf8mb4 COLLATE=utf8mb4_unicode_ci;

-- Copiando dados para a tabela tcc_interclasse.grupotime: ~84 rows (aproximadamente)
INSERT INTO `grupotime` (`fk_id_grupo`, `fk_id_time`) VALUES
	(1, 3),
	(1, 31),
	(1, 63),
	(1, 67),
	(2, 7),
	(2, 35),
	(2, 55),
	(2, 59),
	(3, 11),
	(3, 39),
	(3, 71),
	(3, 83),
	(4, 43),
	(4, 47),
	(4, 75),
	(5, 23),
	(5, 51),
	(5, 79),
	(6, 15),
	(6, 19),
	(6, 27),
	(7, 8),
	(7, 12),
	(7, 72),
	(8, 16),
	(8, 32),
	(8, 80),
	(9, 44),
	(9, 56),
	(9, 60),
	(10, 4),
	(10, 48),
	(10, 84),
	(11, 28),
	(11, 52),
	(11, 64),
	(12, 24),
	(12, 36),
	(12, 76),
	(13, 20),
	(13, 40),
	(13, 68),
	(14, 29),
	(14, 41),
	(14, 77),
	(15, 25),
	(15, 53),
	(15, 69),
	(16, 9),
	(16, 17),
	(16, 57),
	(17, 45),
	(17, 49),
	(17, 81),
	(18, 1),
	(18, 5),
	(18, 13),
	(19, 21),
	(19, 37),
	(19, 73),
	(20, 33),
	(20, 61),
	(20, 65),
	(21, 10),
	(21, 42),
	(21, 50),
	(21, 70),
	(22, 14),
	(22, 30),
	(22, 54),
	(22, 62),
	(23, 2),
	(23, 18),
	(23, 58),
	(23, 66),
	(24, 22),
	(24, 26),
	(24, 74),
	(25, 6),
	(25, 78),
	(25, 82),
	(26, 34),
	(26, 38),
	(26, 46);

-- Copiando estrutura para tabela tcc_interclasse.jogador
CREATE TABLE IF NOT EXISTS `jogador` (
  `id_jogador` int(11) NOT NULL AUTO_INCREMENT,
  `nome_jogador` varchar(70) NOT NULL,
  `sala_jogador` varchar(10) NOT NULL,
  `genero_jogador` varchar(10) NOT NULL,
  `fk_id_curso` int(11) NOT NULL,
  PRIMARY KEY (`id_jogador`),
  KEY `Jogador_fk_id_curso_fkey` (`fk_id_curso`),
  CONSTRAINT `Jogador_fk_id_curso_fkey` FOREIGN KEY (`fk_id_curso`) REFERENCES `curso` (`id_curso`) ON UPDATE CASCADE
) ENGINE=InnoDB AUTO_INCREMENT=631 DEFAULT CHARSET=utf8mb4 COLLATE=utf8mb4_unicode_ci;

-- Copiando dados para a tabela tcc_interclasse.jogador: ~630 rows (aproximadamente)
INSERT INTO `jogador` (`id_jogador`, `nome_jogador`, `sala_jogador`, `genero_jogador`, `fk_id_curso`) VALUES
	(1, 'Miguel Vieira Melo', '1º', 'Masculino', 1),
	(2, 'Gabriel Silva Nunes', '1º', 'Masculino', 1),
	(3, 'Lucas Souza Melo', '1º', 'Masculino', 1),
	(4, 'Felipe Carvalho Gomes', '1º', 'Masculino', 1),
	(5, 'Felipe Vieira Oliveira', '1º', 'Masculino', 1),
	(6, 'Bernardo Carvalho Ribeiro', '1º', 'Masculino', 1),
	(7, 'Guilherme Martins Melo', '1º', 'Masculino', 1),
	(8, 'Enzo Ribeiro Ferreira', '1º', 'Masculino', 1),
	(9, 'Eduardo Alves Silva', '1º', 'Masculino', 1),
	(10, 'Vinícius Nunes Costa', '1º', 'Masculino', 1),
	(11, 'João Silva Nunes', '1º', 'Masculino', 1),
	(12, 'Guilherme Souza Souza', '1º', 'Masculino', 1),
	(13, 'Miguel Ribeiro Alves', '1º', 'Masculino', 1),
	(14, 'Gabriel Silva Oliveira', '1º', 'Masculino', 1),
	(15, 'Davi Rodrigues Martins', '1º', 'Masculino', 1),
	(16, 'Letícia Vieira Carvalho', '1º', 'Feminino', 1),
	(17, 'Fernanda Alves Ferreira', '1º', 'Feminino', 1),
	(18, 'Laura Oliveira Lima', '1º', 'Feminino', 1),
	(19, 'Laura Melo Nunes', '1º', 'Feminino', 1),
	(20, 'Alice Vieira Costa', '1º', 'Feminino', 1),
	(21, 'Laura Martins Santos', '1º', 'Feminino', 1),
	(22, 'Fernanda Gomes Silva', '1º', 'Feminino', 1),
	(23, 'Mariana Lima Gomes', '1º', 'Feminino', 1),
	(24, 'Camila Pereira Silva', '1º', 'Feminino', 1),
	(25, 'Gabriela Ferreira Santos', '1º', 'Feminino', 1),
	(26, 'Helena Barbosa Martins', '1º', 'Feminino', 1),
	(27, 'Maria Gomes Ribeiro', '1º', 'Feminino', 1),
	(28, 'Giovanna Pereira Alves', '1º', 'Feminino', 1),
	(29, 'Camila Souza Pereira', '1º', 'Feminino', 1),
	(30, 'Fernanda Alves Ribeiro', '1º', 'Feminino', 1),
	(31, 'Eduardo Melo Rodrigues', '2º', 'Masculino', 1),
	(32, 'Felipe Martins Pereira', '2º', 'Masculino', 1),
	(33, 'Arthur Oliveira Mendes', '2º', 'Masculino', 1),
	(34, 'Gabriel Silva Melo', '2º', 'Masculino', 1),
	(35, 'Rafael Nunes Melo', '2º', 'Masculino', 1),
	(36, 'Leonardo Souza Carvalho', '2º', 'Masculino', 1),
	(37, 'Gabriel Alves Alves', '2º', 'Masculino', 1),
	(38, 'Mateus Nunes Melo', '2º', 'Masculino', 1),
	(39, 'Gabriel Martins Martins', '2º', 'Masculino', 1),
	(40, 'Mateus Lima Carvalho', '2º', 'Masculino', 1),
	(41, 'Guilherme Carvalho Melo', '2º', 'Masculino', 1),
	(42, 'Mateus Barbosa Ferreira', '2º', 'Masculino', 1),
	(43, 'Felipe Vieira Nunes', '2º', 'Masculino', 1),
	(44, 'Felipe Martins Barbosa', '2º', 'Masculino', 1),
	(45, 'Leonardo Costa Souza', '2º', 'Masculino', 1),
	(46, 'Maria Martins Costa', '2º', 'Feminino', 1),
	(47, 'Amanda Alves Martins', '2º', 'Feminino', 1),
	(48, 'Valentina Oliveira Ribeiro', '2º', 'Feminino', 1),
	(49, 'Manuela Lima Martins', '2º', 'Feminino', 1),
	(50, 'Laura Souza Ferreira', '2º', 'Feminino', 1),
	(51, 'Sophia Mendes Ribeiro', '2º', 'Feminino', 1),
	(52, 'Camila Almeida Gomes', '2º', 'Feminino', 1),
	(53, 'Luiza Alves Nunes', '2º', 'Feminino', 1),
	(54, 'Alice Almeida Almeida', '2º', 'Feminino', 1),
	(55, 'Maria Souza Rodrigues', '2º', 'Feminino', 1),
	(56, 'Giovanna Oliveira Nunes', '2º', 'Feminino', 1),
	(57, 'Júlia Costa Carvalho', '2º', 'Feminino', 1),
	(58, 'Laura Vieira Carvalho', '2º', 'Feminino', 1),
	(59, 'Beatriz Almeida Alves', '2º', 'Feminino', 1),
	(60, 'Maria Lima Nunes', '2º', 'Feminino', 1),
	(61, 'Vinícius Martins Gomes', '3º', 'Masculino', 1),
	(62, 'Arthur Lima Almeida', '3º', 'Masculino', 1),
	(63, 'Bernardo Silva Nunes', '3º', 'Masculino', 1),
	(64, 'Lucas Almeida Souza', '3º', 'Masculino', 1),
	(65, 'Lucas Souza Barbosa', '3º', 'Masculino', 1),
	(66, 'Eduardo Mendes Ferreira', '3º', 'Masculino', 1),
	(67, 'Guilherme Almeida Barbosa', '3º', 'Masculino', 1),
	(68, 'Davi Souza Gomes', '3º', 'Masculino', 1),
	(69, 'Mateus Vieira Oliveira', '3º', 'Masculino', 1),
	(70, 'Thiago Lima Nunes', '3º', 'Masculino', 1),
	(71, 'Rafael Pereira Lima', '3º', 'Masculino', 1),
	(72, 'João Ferreira Gomes', '3º', 'Masculino', 1),
	(73, 'Caio Melo Barbosa', '3º', 'Masculino', 1),
	(74, 'Felipe Ferreira Pereira', '3º', 'Masculino', 1),
	(75, 'Pedro Ribeiro Martins', '3º', 'Masculino', 1),
	(76, 'Amanda Silva Santos', '3º', 'Feminino', 1),
	(77, 'Helena Costa Barbosa', '3º', 'Feminino', 1),
	(78, 'Letícia Alves Melo', '3º', 'Feminino', 1),
	(79, 'Fernanda Martins Almeida', '3º', 'Feminino', 1),
	(80, 'Ana Costa Pereira', '3º', 'Feminino', 1),
	(81, 'Luiza Martins Martins', '3º', 'Feminino', 1),
	(82, 'Fernanda Alves Costa', '3º', 'Feminino', 1),
	(83, 'Sophia Ferreira Silva', '3º', 'Feminino', 1),
	(84, 'Mariana Costa Almeida', '3º', 'Feminino', 1),
	(85, 'Letícia Barbosa Silva', '3º', 'Feminino', 1),
	(86, 'Camila Rodrigues Alves', '3º', 'Feminino', 1),
	(87, 'Helena Gomes Costa', '3º', 'Feminino', 1),
	(88, 'Beatriz Gomes Ribeiro', '3º', 'Feminino', 1),
	(89, 'Amanda Alves Gomes', '3º', 'Feminino', 1),
	(90, 'Isabella Oliveira Melo', '3º', 'Feminino', 1),
	(91, 'Felipe Melo Mendes', '1º', 'Masculino', 2),
	(92, 'Davi Ferreira Melo', '1º', 'Masculino', 2),
	(93, 'Caio Rodrigues Carvalho', '1º', 'Masculino', 2),
	(94, 'Davi Almeida Oliveira', '1º', 'Masculino', 2),
	(95, 'Eduardo Oliveira Almeida', '1º', 'Masculino', 2),
	(96, 'Daniel Lima Melo', '1º', 'Masculino', 2),
	(97, 'João Rodrigues Vieira', '1º', 'Masculino', 2),
	(98, 'Enzo Melo Lima', '1º', 'Masculino', 2),
	(99, 'Vinícius Ribeiro Carvalho', '1º', 'Masculino', 2),
	(100, 'Miguel Ribeiro Lima', '1º', 'Masculino', 2),
	(101, 'Bernardo Barbosa Vieira', '1º', 'Masculino', 2),
	(102, 'Mateus Silva Ribeiro', '1º', 'Masculino', 2),
	(103, 'Felipe Ribeiro Vieira', '1º', 'Masculino', 2),
	(104, 'Thiago Almeida Oliveira', '1º', 'Masculino', 2),
	(105, 'Heitor Martins Ribeiro', '1º', 'Masculino', 2),
	(106, 'Letícia Almeida Mendes', '1º', 'Feminino', 2),
	(107, 'Luiza Alves Almeida', '1º', 'Feminino', 2),
	(108, 'Camila Barbosa Almeida', '1º', 'Feminino', 2),
	(109, 'Letícia Barbosa Oliveira', '1º', 'Feminino', 2),
	(110, 'Sophia Gomes Souza', '1º', 'Feminino', 2),
	(111, 'Valentina Oliveira Souza', '1º', 'Feminino', 2),
	(112, 'Alice Alves Martins', '1º', 'Feminino', 2),
	(113, 'Isabella Santos Lima', '1º', 'Feminino', 2),
	(114, 'Letícia Nunes Alves', '1º', 'Feminino', 2),
	(115, 'Helena Alves Pereira', '1º', 'Feminino', 2),
	(116, 'Maria Gomes Pereira', '1º', 'Feminino', 2),
	(117, 'Laura Barbosa Pereira', '1º', 'Feminino', 2),
	(118, 'Helena Santos Ribeiro', '1º', 'Feminino', 2),
	(119, 'Júlia Oliveira Santos', '1º', 'Feminino', 2),
	(120, 'Larissa Carvalho Melo', '1º', 'Feminino', 2),
	(121, 'Felipe Pereira Souza', '2º', 'Masculino', 2),
	(122, 'Pedro Ferreira Martins', '2º', 'Masculino', 2),
	(123, 'Mateus Ferreira Mendes', '2º', 'Masculino', 2),
	(124, 'Davi Melo Souza', '2º', 'Masculino', 2),
	(125, 'Lucas Silva Mendes', '2º', 'Masculino', 2),
	(126, 'Gabriel Souza Ferreira', '2º', 'Masculino', 2),
	(127, 'Davi Vieira Oliveira', '2º', 'Masculino', 2),
	(128, 'Daniel Costa Silva', '2º', 'Masculino', 2),
	(129, 'Eduardo Martins Silva', '2º', 'Masculino', 2),
	(130, 'Enzo Martins Ferreira', '2º', 'Masculino', 2),
	(131, 'Lucas Lima Vieira', '2º', 'Masculino', 2),
	(132, 'Guilherme Alves Lima', '2º', 'Masculino', 2),
	(133, 'Thiago Santos Souza', '2º', 'Masculino', 2),
	(134, 'Arthur Alves Gomes', '2º', 'Masculino', 2),
	(135, 'Daniel Lima Gomes', '2º', 'Masculino', 2),
	(136, 'Amanda Lima Vieira', '2º', 'Feminino', 2),
	(137, 'Luiza Pereira Santos', '2º', 'Feminino', 2),
	(138, 'Júlia Melo Barbosa', '2º', 'Feminino', 2),
	(139, 'Beatriz Costa Ribeiro', '2º', 'Feminino', 2),
	(140, 'Larissa Nunes Gomes', '2º', 'Feminino', 2),
	(141, 'Luiza Martins Melo', '2º', 'Feminino', 2),
	(142, 'Ana Almeida Alves', '2º', 'Feminino', 2),
	(143, 'Giovanna Ribeiro Rodrigues', '2º', 'Feminino', 2),
	(144, 'Luiza Gomes Ferreira', '2º', 'Feminino', 2),
	(145, 'Valentina Carvalho Costa', '2º', 'Feminino', 2),
	(146, 'Helena Carvalho Alves', '2º', 'Feminino', 2),
	(147, 'Fernanda Rodrigues Souza', '2º', 'Feminino', 2),
	(148, 'Alice Oliveira Alves', '2º', 'Feminino', 2),
	(149, 'Ana Melo Mendes', '2º', 'Feminino', 2),
	(150, 'Helena Pereira Mendes', '2º', 'Feminino', 2),
	(151, 'Rafael Carvalho Martins', '3º', 'Masculino', 2),
	(152, 'Vinícius Costa Souza', '3º', 'Masculino', 2),
	(153, 'Bernardo Rodrigues Pereira', '3º', 'Masculino', 2),
	(154, 'Heitor Santos Costa', '3º', 'Masculino', 2),
	(155, 'Bernardo Ferreira Alves', '3º', 'Masculino', 2),
	(156, 'Miguel Lima Rodrigues', '3º', 'Masculino', 2),
	(157, 'Guilherme Almeida Mendes', '3º', 'Masculino', 2),
	(158, 'Heitor Barbosa Silva', '3º', 'Masculino', 2),
	(159, 'Miguel Nunes Ferreira', '3º', 'Masculino', 2),
	(160, 'Caio Oliveira Nunes', '3º', 'Masculino', 2),
	(161, 'Arthur Almeida Martins', '3º', 'Masculino', 2),
	(162, 'Eduardo Nunes Silva', '3º', 'Masculino', 2),
	(163, 'Mateus Silva Costa', '3º', 'Masculino', 2),
	(164, 'Gabriel Gomes Mendes', '3º', 'Masculino', 2),
	(165, 'Vinícius Carvalho Martins', '3º', 'Masculino', 2),
	(166, 'Camila Almeida Ferreira', '3º', 'Feminino', 2),
	(167, 'Amanda Ribeiro Ribeiro', '3º', 'Feminino', 2),
	(168, 'Amanda Pereira Martins', '3º', 'Feminino', 2),
	(169, 'Valentina Ferreira Vieira', '3º', 'Feminino', 2),
	(170, 'Júlia Gomes Almeida', '3º', 'Feminino', 2),
	(171, 'Giovanna Almeida Melo', '3º', 'Feminino', 2),
	(172, 'Helena Souza Lima', '3º', 'Feminino', 2),
	(173, 'Júlia Barbosa Gomes', '3º', 'Feminino', 2),
	(174, 'Ana Vieira Lima', '3º', 'Feminino', 2),
	(175, 'Maria Souza Almeida', '3º', 'Feminino', 2),
	(176, 'Fernanda Santos Alves', '3º', 'Feminino', 2),
	(177, 'Letícia Nunes Mendes', '3º', 'Feminino', 2),
	(178, 'Valentina Alves Vieira', '3º', 'Feminino', 2),
	(179, 'Camila Pereira Almeida', '3º', 'Feminino', 2),
	(180, 'Fernanda Carvalho Lima', '3º', 'Feminino', 2),
	(181, 'Rafael Lima Ribeiro', '1º', 'Masculino', 3),
	(182, 'Eduardo Oliveira Santos', '1º', 'Masculino', 3),
	(183, 'Felipe Santos Carvalho', '1º', 'Masculino', 3),
	(184, 'Davi Vieira Costa', '1º', 'Masculino', 3),
	(185, 'João Melo Costa', '1º', 'Masculino', 3),
	(186, 'Heitor Gomes Nunes', '1º', 'Masculino', 3),
	(187, 'Enzo Silva Lima', '1º', 'Masculino', 3),
	(188, 'Enzo Nunes Nunes', '1º', 'Masculino', 3),
	(189, 'Rafael Ribeiro Alves', '1º', 'Masculino', 3),
	(190, 'Eduardo Carvalho Rodrigues', '1º', 'Masculino', 3),
	(191, 'Lucas Nunes Lima', '1º', 'Masculino', 3),
	(192, 'Bernardo Souza Mendes', '1º', 'Masculino', 3),
	(193, 'Mateus Mendes Costa', '1º', 'Masculino', 3),
	(194, 'Vinícius Ferreira Vieira', '1º', 'Masculino', 3),
	(195, 'Caio Vieira Mendes', '1º', 'Masculino', 3),
	(196, 'Beatriz Nunes Gomes', '1º', 'Feminino', 3),
	(197, 'Maria Rodrigues Mendes', '1º', 'Feminino', 3),
	(198, 'Helena Costa Carvalho', '1º', 'Feminino', 3),
	(199, 'Sophia Vieira Alves', '1º', 'Feminino', 3),
	(200, 'Luiza Almeida Ribeiro', '1º', 'Feminino', 3),
	(201, 'Helena Nunes Costa', '1º', 'Feminino', 3),
	(202, 'Mariana Rodrigues Oliveira', '1º', 'Feminino', 3),
	(203, 'Maria Pereira Rodrigues', '1º', 'Feminino', 3),
	(204, 'Ana Martins Barbosa', '1º', 'Feminino', 3),
	(205, 'Larissa Carvalho Costa', '1º', 'Feminino', 3),
	(206, 'Fernanda Vieira Martins', '1º', 'Feminino', 3),
	(207, 'Letícia Ferreira Rodrigues', '1º', 'Feminino', 3),
	(208, 'Gabriela Barbosa Gomes', '1º', 'Feminino', 3),
	(209, 'Laura Pereira Rodrigues', '1º', 'Feminino', 3),
	(210, 'Isabella Nunes Lima', '1º', 'Feminino', 3),
	(211, 'Rafael Silva Pereira', '2º', 'Masculino', 3),
	(212, 'Caio Alves Gomes', '2º', 'Masculino', 3),
	(213, 'Guilherme Barbosa Silva', '2º', 'Masculino', 3),
	(214, 'Daniel Silva Ribeiro', '2º', 'Masculino', 3),
	(215, 'Arthur Costa Almeida', '2º', 'Masculino', 3),
	(216, 'Enzo Barbosa Mendes', '2º', 'Masculino', 3),
	(217, 'Davi Rodrigues Souza', '2º', 'Masculino', 3),
	(218, 'Mateus Santos Nunes', '2º', 'Masculino', 3),
	(219, 'Bernardo Ribeiro Gomes', '2º', 'Masculino', 3),
	(220, 'Bernardo Nunes Nunes', '2º', 'Masculino', 3),
	(221, 'Daniel Almeida Pereira', '2º', 'Masculino', 3),
	(222, 'Arthur Carvalho Costa', '2º', 'Masculino', 3),
	(223, 'Guilherme Gomes Carvalho', '2º', 'Masculino', 3),
	(224, 'Daniel Pereira Costa', '2º', 'Masculino', 3),
	(225, 'Arthur Alves Barbosa', '2º', 'Masculino', 3),
	(226, 'Júlia Silva Silva', '2º', 'Feminino', 3),
	(227, 'Luiza Oliveira Gomes', '2º', 'Feminino', 3),
	(228, 'Amanda Mendes Mendes', '2º', 'Feminino', 3),
	(229, 'Camila Carvalho Melo', '2º', 'Feminino', 3),
	(230, 'Mariana Carvalho Oliveira', '2º', 'Feminino', 3),
	(231, 'Laura Souza Ferreira', '2º', 'Feminino', 3),
	(232, 'Larissa Santos Silva', '2º', 'Feminino', 3),
	(233, 'Fernanda Martins Almeida', '2º', 'Feminino', 3),
	(234, 'Isabella Ferreira Melo', '2º', 'Feminino', 3),
	(235, 'Fernanda Almeida Lima', '2º', 'Feminino', 3),
	(236, 'Letícia Carvalho Silva', '2º', 'Feminino', 3),
	(237, 'Valentina Martins Souza', '2º', 'Feminino', 3),
	(238, 'Ana Martins Souza', '2º', 'Feminino', 3),
	(239, 'Mariana Barbosa Souza', '2º', 'Feminino', 3),
	(240, 'Gabriela Rodrigues Melo', '2º', 'Feminino', 3),
	(241, 'Thiago Oliveira Rodrigues', '3º', 'Masculino', 3),
	(242, 'Leonardo Gomes Souza', '3º', 'Masculino', 3),
	(243, 'Gabriel Gomes Pereira', '3º', 'Masculino', 3),
	(244, 'Eduardo Pereira Santos', '3º', 'Masculino', 3),
	(245, 'Vinícius Barbosa Melo', '3º', 'Masculino', 3),
	(246, 'Bernardo Alves Barbosa', '3º', 'Masculino', 3),
	(247, 'Eduardo Ribeiro Barbosa', '3º', 'Masculino', 3),
	(248, 'Felipe Costa Lima', '3º', 'Masculino', 3),
	(249, 'Miguel Rodrigues Lima', '3º', 'Masculino', 3),
	(250, 'João Barbosa Mendes', '3º', 'Masculino', 3),
	(251, 'Heitor Santos Alves', '3º', 'Masculino', 3),
	(252, 'Davi Ferreira Santos', '3º', 'Masculino', 3),
	(253, 'Guilherme Gomes Santos', '3º', 'Masculino', 3),
	(254, 'Caio Barbosa Santos', '3º', 'Masculino', 3),
	(255, 'Vinícius Barbosa Souza', '3º', 'Masculino', 3),
	(256, 'Giovanna Ribeiro Oliveira', '3º', 'Feminino', 3),
	(257, 'Larissa Gomes Nunes', '3º', 'Feminino', 3),
	(258, 'Beatriz Mendes Nunes', '3º', 'Feminino', 3),
	(259, 'Larissa Rodrigues Ribeiro', '3º', 'Feminino', 3),
	(260, 'Manuela Gomes Martins', '3º', 'Feminino', 3),
	(261, 'Letícia Martins Nunes', '3º', 'Feminino', 3),
	(262, 'Helena Silva Lima', '3º', 'Feminino', 3),
	(263, 'Mariana Vieira Souza', '3º', 'Feminino', 3),
	(264, 'Laura Lima Ribeiro', '3º', 'Feminino', 3),
	(265, 'Alice Melo Almeida', '3º', 'Feminino', 3),
	(266, 'Gabriela Alves Pereira', '3º', 'Feminino', 3),
	(267, 'Gabriela Ferreira Vieira', '3º', 'Feminino', 3),
	(268, 'Laura Ribeiro Lima', '3º', 'Feminino', 3),
	(269, 'Camila Almeida Santos', '3º', 'Feminino', 3),
	(270, 'Manuela Rodrigues Ribeiro', '3º', 'Feminino', 3),
	(271, 'Eduardo Santos Pereira', '1º', 'Masculino', 4),
	(272, 'Gabriel Souza Vieira', '1º', 'Masculino', 4),
	(273, 'Guilherme Gomes Mendes', '1º', 'Masculino', 4),
	(274, 'Daniel Vieira Alves', '1º', 'Masculino', 4),
	(275, 'Lucas Oliveira Mendes', '1º', 'Masculino', 4),
	(276, 'Felipe Ribeiro Ribeiro', '1º', 'Masculino', 4),
	(277, 'Lucas Ribeiro Mendes', '1º', 'Masculino', 4),
	(278, 'Bernardo Lima Lima', '1º', 'Masculino', 4),
	(279, 'Bernardo Carvalho Santos', '1º', 'Masculino', 4),
	(280, 'Eduardo Vieira Lima', '1º', 'Masculino', 4),
	(281, 'Daniel Vieira Gomes', '1º', 'Masculino', 4),
	(282, 'Lucas Santos Melo', '1º', 'Masculino', 4),
	(283, 'Heitor Ribeiro Vieira', '1º', 'Masculino', 4),
	(284, 'Mateus Mendes Mendes', '1º', 'Masculino', 4),
	(285, 'Gabriel Oliveira Souza', '1º', 'Masculino', 4),
	(286, 'Laura Martins Ferreira', '1º', 'Feminino', 4),
	(287, 'Helena Oliveira Gomes', '1º', 'Feminino', 4),
	(288, 'Gabriela Lima Costa', '1º', 'Feminino', 4),
	(289, 'Larissa Rodrigues Mendes', '1º', 'Feminino', 4),
	(290, 'Sophia Nunes Martins', '1º', 'Feminino', 4),
	(291, 'Letícia Carvalho Carvalho', '1º', 'Feminino', 4),
	(292, 'Beatriz Santos Lima', '1º', 'Feminino', 4),
	(293, 'Valentina Almeida Costa', '1º', 'Feminino', 4),
	(294, 'Sophia Lima Souza', '1º', 'Feminino', 4),
	(295, 'Manuela Ferreira Mendes', '1º', 'Feminino', 4),
	(296, 'Manuela Pereira Rodrigues', '1º', 'Feminino', 4),
	(297, 'Helena Almeida Costa', '1º', 'Feminino', 4),
	(298, 'Maria Silva Oliveira', '1º', 'Feminino', 4),
	(299, 'Gabriela Vieira Barbosa', '1º', 'Feminino', 4),
	(300, 'Luiza Ribeiro Barbosa', '1º', 'Feminino', 4),
	(301, 'Vinícius Almeida Silva', '2º', 'Masculino', 4),
	(302, 'Vinícius Lima Vieira', '2º', 'Masculino', 4),
	(303, 'Miguel Santos Almeida', '2º', 'Masculino', 4),
	(304, 'Lucas Almeida Silva', '2º', 'Masculino', 4),
	(305, 'Lucas Pereira Melo', '2º', 'Masculino', 4),
	(306, 'João Souza Almeida', '2º', 'Masculino', 4),
	(307, 'Daniel Mendes Oliveira', '2º', 'Masculino', 4),
	(308, 'Lucas Santos Ribeiro', '2º', 'Masculino', 4),
	(309, 'Miguel Gomes Melo', '2º', 'Masculino', 4),
	(310, 'Vinícius Alves Melo', '2º', 'Masculino', 4),
	(311, 'Thiago Mendes Pereira', '2º', 'Masculino', 4),
	(312, 'Heitor Almeida Mendes', '2º', 'Masculino', 4),
	(313, 'João Oliveira Alves', '2º', 'Masculino', 4),
	(314, 'Caio Gomes Almeida', '2º', 'Masculino', 4),
	(315, 'Arthur Vieira Lima', '2º', 'Masculino', 4),
	(316, 'Fernanda Ferreira Ferreira', '2º', 'Feminino', 4),
	(317, 'Júlia Santos Santos', '2º', 'Feminino', 4),
	(318, 'Giovanna Rodrigues Costa', '2º', 'Feminino', 4),
	(319, 'Luiza Ribeiro Souza', '2º', 'Feminino', 4),
	(320, 'Sophia Nunes Martins', '2º', 'Feminino', 4),
	(321, 'Beatriz Melo Nunes', '2º', 'Feminino', 4),
	(322, 'Luiza Alves Oliveira', '2º', 'Feminino', 4),
	(323, 'Mariana Martins Mendes', '2º', 'Feminino', 4),
	(324, 'Isabella Alves Ribeiro', '2º', 'Feminino', 4),
	(325, 'Manuela Gomes Nunes', '2º', 'Feminino', 4),
	(326, 'Maria Martins Melo', '2º', 'Feminino', 4),
	(327, 'Isabella Costa Oliveira', '2º', 'Feminino', 4),
	(328, 'Helena Barbosa Martins', '2º', 'Feminino', 4),
	(329, 'Valentina Nunes Ribeiro', '2º', 'Feminino', 4),
	(330, 'Manuela Lima Santos', '2º', 'Feminino', 4),
	(331, 'Felipe Pereira Barbosa', '3º', 'Masculino', 4),
	(332, 'Vinícius Almeida Melo', '3º', 'Masculino', 4),
	(333, 'Enzo Ferreira Barbosa', '3º', 'Masculino', 4),
	(334, 'João Silva Nunes', '3º', 'Masculino', 4),
	(335, 'Davi Pereira Martins', '3º', 'Masculino', 4),
	(336, 'Bernardo Ribeiro Rodrigues', '3º', 'Masculino', 4),
	(337, 'Rafael Souza Alves', '3º', 'Masculino', 4),
	(338, 'Enzo Ribeiro Alves', '3º', 'Masculino', 4),
	(339, 'Leonardo Carvalho Lima', '3º', 'Masculino', 4),
	(340, 'Bernardo Santos Carvalho', '3º', 'Masculino', 4),
	(341, 'Pedro Oliveira Lima', '3º', 'Masculino', 4),
	(342, 'Thiago Melo Ferreira', '3º', 'Masculino', 4),
	(343, 'Mateus Santos Costa', '3º', 'Masculino', 4),
	(344, 'João Alves Martins', '3º', 'Masculino', 4),
	(345, 'Daniel Nunes Almeida', '3º', 'Masculino', 4),
	(346, 'Helena Lima Gomes', '3º', 'Feminino', 4),
	(347, 'Valentina Gomes Silva', '3º', 'Feminino', 4),
	(348, 'Sophia Silva Souza', '3º', 'Feminino', 4),
	(349, 'Valentina Alves Santos', '3º', 'Feminino', 4),
	(350, 'Valentina Melo Ribeiro', '3º', 'Feminino', 4),
	(351, 'Laura Rodrigues Ferreira', '3º', 'Feminino', 4),
	(352, 'Maria Pereira Rodrigues', '3º', 'Feminino', 4),
	(353, 'Alice Lima Ferreira', '3º', 'Feminino', 4),
	(354, 'Amanda Ribeiro Alves', '3º', 'Feminino', 4),
	(355, 'Giovanna Gomes Gomes', '3º', 'Feminino', 4),
	(356, 'Isabella Nunes Martins', '3º', 'Feminino', 4),
	(357, 'Camila Rodrigues Carvalho', '3º', 'Feminino', 4),
	(358, 'Helena Rodrigues Silva', '3º', 'Feminino', 4),
	(359, 'Laura Oliveira Barbosa', '3º', 'Feminino', 4),
	(360, 'Alice Ribeiro Ferreira', '3º', 'Feminino', 4),
	(361, 'Davi Melo Pereira', '1º', 'Masculino', 5),
	(362, 'Enzo Almeida Costa', '1º', 'Masculino', 5),
	(363, 'Arthur Santos Almeida', '1º', 'Masculino', 5),
	(364, 'Davi Silva Barbosa', '1º', 'Masculino', 5),
	(365, 'Lucas Silva Ferreira', '1º', 'Masculino', 5),
	(366, 'Miguel Ferreira Alves', '1º', 'Masculino', 5),
	(367, 'Guilherme Silva Costa', '1º', 'Masculino', 5),
	(368, 'Vinícius Rodrigues Lima', '1º', 'Masculino', 5),
	(369, 'Daniel Rodrigues Mendes', '1º', 'Masculino', 5),
	(370, 'Enzo Melo Costa', '1º', 'Masculino', 5),
	(371, 'Arthur Oliveira Carvalho', '1º', 'Masculino', 5),
	(372, 'Guilherme Alves Melo', '1º', 'Masculino', 5),
	(373, 'Rafael Barbosa Nunes', '1º', 'Masculino', 5),
	(374, 'Mateus Barbosa Rodrigues', '1º', 'Masculino', 5),
	(375, 'Vinícius Rodrigues Santos', '1º', 'Masculino', 5),
	(376, 'Júlia Mendes Ribeiro', '1º', 'Feminino', 5),
	(377, 'Alice Nunes Mendes', '1º', 'Feminino', 5),
	(378, 'Helena Melo Rodrigues', '1º', 'Feminino', 5),
	(379, 'Fernanda Vieira Alves', '1º', 'Feminino', 5),
	(380, 'Gabriela Ferreira Oliveira', '1º', 'Feminino', 5),
	(381, 'Luiza Pereira Barbosa', '1º', 'Feminino', 5),
	(382, 'Isabella Ribeiro Lima', '1º', 'Feminino', 5),
	(383, 'Helena Gomes Silva', '1º', 'Feminino', 5),
	(384, 'Ana Oliveira Mendes', '1º', 'Feminino', 5),
	(385, 'Letícia Silva Santos', '1º', 'Feminino', 5),
	(386, 'Sophia Silva Silva', '1º', 'Feminino', 5),
	(387, 'Luiza Souza Lima', '1º', 'Feminino', 5),
	(388, 'Fernanda Souza Costa', '1º', 'Feminino', 5),
	(389, 'Ana Costa Souza', '1º', 'Feminino', 5),
	(390, 'Gabriela Gomes Rodrigues', '1º', 'Feminino', 5),
	(391, 'Caio Martins Pereira', '2º', 'Masculino', 5),
	(392, 'Guilherme Gomes Nunes', '2º', 'Masculino', 5),
	(393, 'Miguel Gomes Carvalho', '2º', 'Masculino', 5),
	(394, 'Davi Vieira Nunes', '2º', 'Masculino', 5),
	(395, 'Enzo Lima Nunes', '2º', 'Masculino', 5),
	(396, 'Felipe Pereira Souza', '2º', 'Masculino', 5),
	(397, 'Lucas Gomes Ribeiro', '2º', 'Masculino', 5),
	(398, 'Gabriel Carvalho Souza', '2º', 'Masculino', 5),
	(399, 'Leonardo Almeida Lima', '2º', 'Masculino', 5),
	(400, 'Arthur Vieira Ribeiro', '2º', 'Masculino', 5),
	(401, 'Arthur Almeida Lima', '2º', 'Masculino', 5),
	(402, 'Daniel Melo Rodrigues', '2º', 'Masculino', 5),
	(403, 'Rafael Gomes Souza', '2º', 'Masculino', 5),
	(404, 'Felipe Ribeiro Vieira', '2º', 'Masculino', 5),
	(405, 'Caio Silva Mendes', '2º', 'Masculino', 5),
	(406, 'Manuela Vieira Ferreira', '2º', 'Feminino', 5),
	(407, 'Maria Almeida Martins', '2º', 'Feminino', 5),
	(408, 'Beatriz Lima Melo', '2º', 'Feminino', 5),
	(409, 'Mariana Almeida Martins', '2º', 'Feminino', 5),
	(410, 'Valentina Ribeiro Ribeiro', '2º', 'Feminino', 5),
	(411, 'Alice Lima Silva', '2º', 'Feminino', 5),
	(412, 'Júlia Lima Almeida', '2º', 'Feminino', 5),
	(413, 'Manuela Melo Alves', '2º', 'Feminino', 5),
	(414, 'Isabella Martins Almeida', '2º', 'Feminino', 5),
	(415, 'Luiza Lima Ribeiro', '2º', 'Feminino', 5),
	(416, 'Maria Melo Carvalho', '2º', 'Feminino', 5),
	(417, 'Mariana Ribeiro Rodrigues', '2º', 'Feminino', 5),
	(418, 'Letícia Ferreira Santos', '2º', 'Feminino', 5),
	(419, 'Giovanna Ribeiro Barbosa', '2º', 'Feminino', 5),
	(420, 'Manuela Almeida Ferreira', '2º', 'Feminino', 5),
	(421, 'Daniel Mendes Nunes', '3º', 'Masculino', 5),
	(422, 'Vinícius Melo Almeida', '3º', 'Masculino', 5),
	(423, 'Pedro Nunes Vieira', '3º', 'Masculino', 5),
	(424, 'Miguel Ribeiro Carvalho', '3º', 'Masculino', 5),
	(425, 'Leonardo Nunes Lima', '3º', 'Masculino', 5),
	(426, 'Daniel Costa Mendes', '3º', 'Masculino', 5),
	(427, 'Pedro Almeida Almeida', '3º', 'Masculino', 5),
	(428, 'Leonardo Ribeiro Mendes', '3º', 'Masculino', 5),
	(429, 'Arthur Barbosa Pereira', '3º', 'Masculino', 5),
	(430, 'Thiago Ferreira Melo', '3º', 'Masculino', 5),
	(431, 'João Rodrigues Lima', '3º', 'Masculino', 5),
	(432, 'Davi Ferreira Mendes', '3º', 'Masculino', 5),
	(433, 'Vinícius Barbosa Pereira', '3º', 'Masculino', 5),
	(434, 'Felipe Rodrigues Pereira', '3º', 'Masculino', 5),
	(435, 'Mateus Nunes Oliveira', '3º', 'Masculino', 5),
	(436, 'Giovanna Martins Rodrigues', '3º', 'Feminino', 5),
	(437, 'Sophia Mendes Melo', '3º', 'Feminino', 5),
	(438, 'Larissa Melo Mendes', '3º', 'Feminino', 5),
	(439, 'Fernanda Melo Mendes', '3º', 'Feminino', 5),
	(440, 'Giovanna Ferreira Carvalho', '3º', 'Feminino', 5),
	(441, 'Larissa Mendes Vieira', '3º', 'Feminino', 5),
	(442, 'Giovanna Vieira Pereira', '3º', 'Feminino', 5),
	(443, 'Valentina Almeida Pereira', '3º', 'Feminino', 5),
	(444, 'Amanda Ferreira Ribeiro', '3º', 'Feminino', 5),
	(445, 'Beatriz Vieira Silva', '3º', 'Feminino', 5),
	(446, 'Mariana Nunes Silva', '3º', 'Feminino', 5),
	(447, 'Gabriela Costa Pereira', '3º', 'Feminino', 5),
	(448, 'Letícia Almeida Santos', '3º', 'Feminino', 5),
	(449, 'Amanda Carvalho Gomes', '3º', 'Feminino', 5),
	(450, 'Camila Gomes Martins', '3º', 'Feminino', 5),
	(451, 'Guilherme Rodrigues Vieira', '1º', 'Masculino', 6),
	(452, 'João Martins Oliveira', '1º', 'Masculino', 6),
	(453, 'Guilherme Ribeiro Melo', '1º', 'Masculino', 6),
	(454, 'Leonardo Ribeiro Ribeiro', '1º', 'Masculino', 6),
	(455, 'Bernardo Gomes Lima', '1º', 'Masculino', 6),
	(456, 'Vinícius Ferreira Oliveira', '1º', 'Masculino', 6),
	(457, 'Eduardo Carvalho Santos', '1º', 'Masculino', 6),
	(458, 'Gabriel Almeida Almeida', '1º', 'Masculino', 6),
	(459, 'Caio Gomes Ferreira', '1º', 'Masculino', 6),
	(460, 'Heitor Lima Vieira', '1º', 'Masculino', 6),
	(461, 'Davi Rodrigues Ferreira', '1º', 'Masculino', 6),
	(462, 'Thiago Martins Melo', '1º', 'Masculino', 6),
	(463, 'Gabriel Mendes Melo', '1º', 'Masculino', 6),
	(464, 'Guilherme Martins Mendes', '1º', 'Masculino', 6),
	(465, 'Felipe Carvalho Santos', '1º', 'Masculino', 6),
	(466, 'Laura Barbosa Costa', '1º', 'Feminino', 6),
	(467, 'Luiza Ferreira Ferreira', '1º', 'Feminino', 6),
	(468, 'Larissa Alves Vieira', '1º', 'Feminino', 6),
	(469, 'Giovanna Rodrigues Pereira', '1º', 'Feminino', 6),
	(470, 'Ana Almeida Ribeiro', '1º', 'Feminino', 6),
	(471, 'Fernanda Alves Alves', '1º', 'Feminino', 6),
	(472, 'Beatriz Barbosa Pereira', '1º', 'Feminino', 6),
	(473, 'Amanda Ferreira Almeida', '1º', 'Feminino', 6),
	(474, 'Maria Nunes Ribeiro', '1º', 'Feminino', 6),
	(475, 'Gabriela Santos Silva', '1º', 'Feminino', 6),
	(476, 'Letícia Silva Costa', '1º', 'Feminino', 6),
	(477, 'Gabriela Alves Melo', '1º', 'Feminino', 6),
	(478, 'Maria Lima Ribeiro', '1º', 'Feminino', 6),
	(479, 'Alice Rodrigues Pereira', '1º', 'Feminino', 6),
	(480, 'Manuela Ferreira Melo', '1º', 'Feminino', 6),
	(481, 'Lucas Costa Vieira', '2º', 'Masculino', 6),
	(482, 'Bernardo Souza Oliveira', '2º', 'Masculino', 6),
	(483, 'Thiago Melo Pereira', '2º', 'Masculino', 6),
	(484, 'Caio Costa Alves', '2º', 'Masculino', 6),
	(485, 'Arthur Carvalho Almeida', '2º', 'Masculino', 6),
	(486, 'Lucas Rodrigues Alves', '2º', 'Masculino', 6),
	(487, 'Felipe Rodrigues Ribeiro', '2º', 'Masculino', 6),
	(488, 'Caio Mendes Pereira', '2º', 'Masculino', 6),
	(489, 'Caio Barbosa Nunes', '2º', 'Masculino', 6),
	(490, 'Thiago Martins Costa', '2º', 'Masculino', 6),
	(491, 'Thiago Nunes Gomes', '2º', 'Masculino', 6),
	(492, 'Mateus Gomes Souza', '2º', 'Masculino', 6),
	(493, 'Bernardo Gomes Rodrigues', '2º', 'Masculino', 6),
	(494, 'Vinícius Martins Vieira', '2º', 'Masculino', 6),
	(495, 'Davi Martins Gomes', '2º', 'Masculino', 6),
	(496, 'Amanda Martins Ferreira', '2º', 'Feminino', 6),
	(497, 'Giovanna Souza Mendes', '2º', 'Feminino', 6),
	(498, 'Ana Costa Nunes', '2º', 'Feminino', 6),
	(499, 'Camila Silva Costa', '2º', 'Feminino', 6),
	(500, 'Helena Ribeiro Carvalho', '2º', 'Feminino', 6),
	(501, 'Amanda Gomes Martins', '2º', 'Feminino', 6),
	(502, 'Camila Mendes Melo', '2º', 'Feminino', 6),
	(503, 'Alice Mendes Souza', '2º', 'Feminino', 6),
	(504, 'Beatriz Mendes Santos', '2º', 'Feminino', 6),
	(505, 'Júlia Nunes Pereira', '2º', 'Feminino', 6),
	(506, 'Giovanna Pereira Oliveira', '2º', 'Feminino', 6),
	(507, 'Camila Ribeiro Santos', '2º', 'Feminino', 6),
	(508, 'Helena Barbosa Martins', '2º', 'Feminino', 6),
	(509, 'Valentina Carvalho Silva', '2º', 'Feminino', 6),
	(510, 'Ana Barbosa Martins', '2º', 'Feminino', 6),
	(511, 'Lucas Souza Carvalho', '3º', 'Masculino', 6),
	(512, 'Pedro Melo Oliveira', '3º', 'Masculino', 6),
	(513, 'Leonardo Oliveira Ribeiro', '3º', 'Masculino', 6),
	(514, 'Felipe Melo Pereira', '3º', 'Masculino', 6),
	(515, 'Felipe Silva Ferreira', '3º', 'Masculino', 6),
	(516, 'Mateus Martins Silva', '3º', 'Masculino', 6),
	(517, 'Vinícius Melo Mendes', '3º', 'Masculino', 6),
	(518, 'Caio Ribeiro Rodrigues', '3º', 'Masculino', 6),
	(519, 'Felipe Pereira Rodrigues', '3º', 'Masculino', 6),
	(520, 'Lucas Mendes Ribeiro', '3º', 'Masculino', 6),
	(521, 'Rafael Silva Ferreira', '3º', 'Masculino', 6),
	(522, 'Enzo Rodrigues Barbosa', '3º', 'Masculino', 6),
	(523, 'Eduardo Lima Martins', '3º', 'Masculino', 6),
	(524, 'Leonardo Mendes Vieira', '3º', 'Masculino', 6),
	(525, 'Miguel Ribeiro Souza', '3º', 'Masculino', 6),
	(526, 'Helena Vieira Barbosa', '3º', 'Feminino', 6),
	(527, 'Larissa Oliveira Rodrigues', '3º', 'Feminino', 6),
	(528, 'Beatriz Barbosa Silva', '3º', 'Feminino', 6),
	(529, 'Maria Pereira Vieira', '3º', 'Feminino', 6),
	(530, 'Júlia Martins Oliveira', '3º', 'Feminino', 6),
	(531, 'Giovanna Santos Oliveira', '3º', 'Feminino', 6),
	(532, 'Gabriela Melo Ferreira', '3º', 'Feminino', 6),
	(533, 'Ana Silva Souza', '3º', 'Feminino', 6),
	(534, 'Alice Souza Nunes', '3º', 'Feminino', 6),
	(535, 'Manuela Gomes Carvalho', '3º', 'Feminino', 6),
	(536, 'Amanda Mendes Vieira', '3º', 'Feminino', 6),
	(537, 'Letícia Carvalho Barbosa', '3º', 'Feminino', 6),
	(538, 'Letícia Almeida Lima', '3º', 'Feminino', 6),
	(539, 'Sophia Santos Nunes', '3º', 'Feminino', 6),
	(540, 'Alice Santos Carvalho', '3º', 'Feminino', 6),
	(541, 'Bernardo Martins Oliveira', '1º', 'Masculino', 7),
	(542, 'Heitor Lima Gomes', '1º', 'Masculino', 7),
	(543, 'Lucas Pereira Martins', '1º', 'Masculino', 7),
	(544, 'Vinícius Almeida Almeida', '1º', 'Masculino', 7),
	(545, 'Bernardo Martins Pereira', '1º', 'Masculino', 7),
	(546, 'Miguel Santos Rodrigues', '1º', 'Masculino', 7),
	(547, 'Pedro Pereira Costa', '1º', 'Masculino', 7),
	(548, 'Leonardo Ferreira Gomes', '1º', 'Masculino', 7),
	(549, 'Felipe Barbosa Gomes', '1º', 'Masculino', 7),
	(550, 'Thiago Vieira Lima', '1º', 'Masculino', 7),
	(551, 'Heitor Silva Martins', '1º', 'Masculino', 7),
	(552, 'Davi Barbosa Barbosa', '1º', 'Masculino', 7),
	(553, 'Daniel Lima Gomes', '1º', 'Masculino', 7),
	(554, 'Guilherme Melo Pereira', '1º', 'Masculino', 7),
	(555, 'Mateus Souza Silva', '1º', 'Masculino', 7),
	(556, 'Camila Santos Souza', '1º', 'Feminino', 7),
	(557, 'Manuela Carvalho Barbosa', '1º', 'Feminino', 7),
	(558, 'Isabella Nunes Souza', '1º', 'Feminino', 7),
	(559, 'Sophia Almeida Pereira', '1º', 'Feminino', 7),
	(560, 'Maria Carvalho Silva', '1º', 'Feminino', 7),
	(561, 'Helena Mendes Nunes', '1º', 'Feminino', 7),
	(562, 'Fernanda Rodrigues Melo', '1º', 'Feminino', 7),
	(563, 'Helena Souza Rodrigues', '1º', 'Feminino', 7),
	(564, 'Júlia Alves Ribeiro', '1º', 'Feminino', 7),
	(565, 'Alice Ferreira Oliveira', '1º', 'Feminino', 7),
	(566, 'Ana Vieira Ribeiro', '1º', 'Feminino', 7),
	(567, 'Laura Vieira Oliveira', '1º', 'Feminino', 7),
	(568, 'Sophia Melo Costa', '1º', 'Feminino', 7),
	(569, 'Gabriela Mendes Ferreira', '1º', 'Feminino', 7),
	(570, 'Valentina Gomes Oliveira', '1º', 'Feminino', 7),
	(571, 'Lucas Silva Mendes', '2º', 'Masculino', 7),
	(572, 'Bernardo Almeida Lima', '2º', 'Masculino', 7),
	(573, 'Vinícius Costa Carvalho', '2º', 'Masculino', 7),
	(574, 'Caio Souza Costa', '2º', 'Masculino', 7),
	(575, 'Davi Martins Ferreira', '2º', 'Masculino', 7),
	(576, 'Bernardo Barbosa Souza', '2º', 'Masculino', 7),
	(577, 'Gabriel Silva Carvalho', '2º', 'Masculino', 7),
	(578, 'Mateus Rodrigues Mendes', '2º', 'Masculino', 7),
	(579, 'Bernardo Martins Alves', '2º', 'Masculino', 7),
	(580, 'Caio Vieira Carvalho', '2º', 'Masculino', 7),
	(581, 'Leonardo Pereira Vieira', '2º', 'Masculino', 7),
	(582, 'Thiago Santos Almeida', '2º', 'Masculino', 7),
	(583, 'Davi Ribeiro Mendes', '2º', 'Masculino', 7),
	(584, 'Rafael Ferreira Mendes', '2º', 'Masculino', 7),
	(585, 'Mateus Melo Nunes', '2º', 'Masculino', 7),
	(586, 'Helena Vieira Rodrigues', '2º', 'Feminino', 7),
	(587, 'Maria Vieira Oliveira', '2º', 'Feminino', 7),
	(588, 'Alice Mendes Alves', '2º', 'Feminino', 7),
	(589, 'Ana Alves Silva', '2º', 'Feminino', 7),
	(590, 'Fernanda Nunes Ribeiro', '2º', 'Feminino', 7),
	(591, 'Larissa Ribeiro Santos', '2º', 'Feminino', 7),
	(592, 'Ana Vieira Ferreira', '2º', 'Feminino', 7),
	(593, 'Manuela Ribeiro Rodrigues', '2º', 'Feminino', 7),
	(594, 'Ana Lima Vieira', '2º', 'Feminino', 7),
	(595, 'Amanda Silva Carvalho', '2º', 'Feminino', 7),
	(596, 'Giovanna Almeida Barbosa', '2º', 'Feminino', 7),
	(597, 'Mariana Carvalho Almeida', '2º', 'Feminino', 7),
	(598, 'Luiza Martins Martins', '2º', 'Feminino', 7),
	(599, 'Maria Martins Vieira', '2º', 'Feminino', 7),
	(600, 'Manuela Alves Melo', '2º', 'Feminino', 7),
	(601, 'Thiago Silva Ribeiro', '3º', 'Masculino', 7),
	(602, 'Rafael Alves Vieira', '3º', 'Masculino', 7),
	(603, 'Mateus Oliveira Mendes', '3º', 'Masculino', 7),
	(604, 'Guilherme Rodrigues Alves', '3º', 'Masculino', 7),
	(605, 'Guilherme Barbosa Martins', '3º', 'Masculino', 7),
	(606, 'Daniel Rodrigues Gomes', '3º', 'Masculino', 7),
	(607, 'Enzo Costa Souza', '3º', 'Masculino', 7),
	(608, 'Lucas Costa Barbosa', '3º', 'Masculino', 7),
	(609, 'Daniel Costa Carvalho', '3º', 'Masculino', 7),
	(610, 'Felipe Rodrigues Oliveira', '3º', 'Masculino', 7),
	(611, 'Caio Lima Santos', '3º', 'Masculino', 7),
	(612, 'Lucas Martins Ribeiro', '3º', 'Masculino', 7),
	(613, 'Pedro Silva Lima', '3º', 'Masculino', 7),
	(614, 'Vinícius Nunes Melo', '3º', 'Masculino', 7),
	(615, 'Rafael Melo Silva', '3º', 'Masculino', 7),
	(616, 'Fernanda Melo Ribeiro', '3º', 'Feminino', 7),
	(617, 'Gabriela Barbosa Lima', '3º', 'Feminino', 7),
	(618, 'Manuela Pereira Ferreira', '3º', 'Feminino', 7),
	(619, 'Fernanda Pereira Melo', '3º', 'Feminino', 7),
	(620, 'Laura Lima Costa', '3º', 'Feminino', 7),
	(621, 'Sophia Alves Alves', '3º', 'Feminino', 7),
	(622, 'Mariana Melo Alves', '3º', 'Feminino', 7),
	(623, 'Sophia Vieira Almeida', '3º', 'Feminino', 7),
	(624, 'Sophia Melo Gomes', '3º', 'Feminino', 7),
	(625, 'Manuela Mendes Souza', '3º', 'Feminino', 7),
	(626, 'Sophia Ribeiro Barbosa', '3º', 'Feminino', 7),
	(627, 'Laura Mendes Alves', '3º', 'Feminino', 7),
	(628, 'Alice Vieira Alves', '3º', 'Feminino', 7),
	(629, 'Isabella Lima Martins', '3º', 'Feminino', 7),
	(630, 'Larissa Martins Pereira', '3º', 'Feminino', 7);

-- Copiando estrutura para tabela tcc_interclasse.local
CREATE TABLE IF NOT EXISTS `local` (
  `id_local` int(11) NOT NULL AUTO_INCREMENT,
  `nome_local` varchar(100) NOT NULL,
  PRIMARY KEY (`id_local`)
) ENGINE=InnoDB AUTO_INCREMENT=3 DEFAULT CHARSET=utf8mb4 COLLATE=utf8mb4_unicode_ci;

-- Copiando dados para a tabela tcc_interclasse.local: ~2 rows (aproximadamente)
INSERT INTO `local` (`id_local`, `nome_local`) VALUES
	(1, 'Quadra de Cima'),
	(2, 'Quadra de Baixo');

-- Copiando estrutura para tabela tcc_interclasse.modalidade
CREATE TABLE IF NOT EXISTS `modalidade` (
  `id_modalidade` int(11) NOT NULL AUTO_INCREMENT,
  `nome_modalidade` varchar(50) NOT NULL,
  PRIMARY KEY (`id_modalidade`)
) ENGINE=InnoDB AUTO_INCREMENT=5 DEFAULT CHARSET=utf8mb4 COLLATE=utf8mb4_unicode_ci;

-- Copiando dados para a tabela tcc_interclasse.modalidade: ~4 rows (aproximadamente)
INSERT INTO `modalidade` (`id_modalidade`, `nome_modalidade`) VALUES
	(1, 'Futsal'),
	(2, 'Vôlei'),
	(3, 'Basquete'),
	(4, 'Handebol');

-- Copiando estrutura para tabela tcc_interclasse.partida
CREATE TABLE IF NOT EXISTS `partida` (
  `id_partida` int(11) NOT NULL AUTO_INCREMENT,
  `data_hora_partida` datetime NOT NULL,
  `status_partida` varchar(20) NOT NULL,
  `pontos_casa` int(11) DEFAULT NULL,
  `pontos_visitante` int(11) DEFAULT NULL,
  `penaltis_casa` int(11) DEFAULT 0,
  `penaltis_visitante` int(11) DEFAULT 0,
  `tem_penaltis` tinyint(1) NOT NULL DEFAULT 0,
  `fk_id_grupo` int(11) DEFAULT NULL,
  `fk_id_local` int(11) NOT NULL,
  `fk_id_torneio` int(11) NOT NULL,
  `fk_id_modalidade` int(11) NOT NULL,
  `genero` varchar(10) NOT NULL,
  `tipo` varchar(20) NOT NULL DEFAULT 'GRUPO',
  `fase` varchar(50) DEFAULT NULL,
  `ordem` int(11) DEFAULT NULL,
  PRIMARY KEY (`id_partida`),
  KEY `Partida_fk_id_grupo_fkey` (`fk_id_grupo`),
  KEY `Partida_fk_id_local_fkey` (`fk_id_local`),
  KEY `Partida_fk_id_torneio_fkey` (`fk_id_torneio`),
  KEY `Partida_fk_id_modalidade_fkey` (`fk_id_modalidade`),
  CONSTRAINT `Partida_fk_id_grupo_fkey` FOREIGN KEY (`fk_id_grupo`) REFERENCES `grupo` (`id_grupo`) ON DELETE SET NULL ON UPDATE CASCADE,
  CONSTRAINT `Partida_fk_id_local_fkey` FOREIGN KEY (`fk_id_local`) REFERENCES `local` (`id_local`) ON UPDATE CASCADE,
  CONSTRAINT `Partida_fk_id_modalidade_fkey` FOREIGN KEY (`fk_id_modalidade`) REFERENCES `modalidade` (`id_modalidade`) ON UPDATE CASCADE,
  CONSTRAINT `Partida_fk_id_torneio_fkey` FOREIGN KEY (`fk_id_torneio`) REFERENCES `torneio` (`id_torneio`) ON UPDATE CASCADE
) ENGINE=InnoDB AUTO_INCREMENT=97 DEFAULT CHARSET=utf8mb4 COLLATE=utf8mb4_unicode_ci;

-- Copiando dados para a tabela tcc_interclasse.partida: ~96 rows (aproximadamente)
INSERT INTO `partida` (`id_partida`, `data_hora_partida`, `status_partida`, `pontos_casa`, `pontos_visitante`, `penaltis_casa`, `penaltis_visitante`, `tem_penaltis`, `fk_id_grupo`, `fk_id_local`, `fk_id_torneio`, `fk_id_modalidade`, `genero`, `tipo`, `fase`, `ordem`) VALUES
	(1, '2025-09-22 23:21:35', 'FINALIZADA', 1, 4, 0, 0, 0, 14, 2, 1, 2, 'Masculino', 'GRUPO', NULL, 1),
	(2, '2025-09-22 23:21:35', 'FINALIZADA', 2, 2, 0, 0, 0, 7, 1, 1, 4, 'Feminino', 'GRUPO', NULL, 2),
	(3, '2025-09-22 23:51:35', 'FINALIZADA', 3, 4, 0, 0, 0, 15, 2, 1, 2, 'Masculino', 'GRUPO', NULL, 3),
	(4, '2025-09-22 23:51:35', 'FINALIZADA', 0, 0, 0, 0, 0, 8, 1, 1, 4, 'Feminino', 'GRUPO', NULL, 4),
	(5, '2025-09-23 00:21:35', 'FINALIZADA', 1, 1, 0, 0, 0, 16, 2, 1, 2, 'Masculino', 'GRUPO', NULL, 5),
	(6, '2025-09-23 00:21:35', 'FINALIZADA', 2, 3, 0, 0, 0, 9, 1, 1, 4, 'Feminino', 'GRUPO', NULL, 6),
	(7, '2025-09-23 00:51:35', 'FINALIZADA', 2, 4, 0, 0, 0, 17, 2, 1, 2, 'Masculino', 'GRUPO', NULL, 7),
	(8, '2025-09-23 00:51:35', 'FINALIZADA', 1, 4, 0, 0, 0, 10, 1, 1, 4, 'Feminino', 'GRUPO', NULL, 8),
	(9, '2025-09-23 01:21:35', 'FINALIZADA', 1, 4, 0, 0, 0, 18, 2, 1, 2, 'Masculino', 'GRUPO', NULL, 9),
	(10, '2025-09-23 01:21:35', 'FINALIZADA', 3, 0, 0, 0, 0, 11, 1, 1, 4, 'Feminino', 'GRUPO', NULL, 10),
	(11, '2025-09-23 01:51:35', 'FINALIZADA', 0, 1, 0, 0, 0, 1, 1, 1, 4, 'Masculino', 'GRUPO', NULL, 11),
	(12, '2025-09-23 01:51:35', 'FINALIZADA', 3, 0, 0, 0, 0, 21, 2, 1, 2, 'Feminino', 'GRUPO', NULL, 12),
	(13, '2025-09-23 02:21:35', 'FINALIZADA', 1, 0, 0, 0, 0, 1, 1, 1, 4, 'Masculino', 'GRUPO', NULL, 13),
	(14, '2025-09-23 02:21:35', 'FINALIZADA', 0, 1, 0, 0, 0, 21, 2, 1, 2, 'Feminino', 'GRUPO', NULL, 14),
	(15, '2025-09-23 02:51:35', 'FINALIZADA', 2, 0, 0, 0, 0, 2, 1, 1, 4, 'Masculino', 'GRUPO', NULL, 15),
	(16, '2025-09-23 02:51:35', 'FINALIZADA', 2, 0, 0, 0, 0, 22, 2, 1, 2, 'Feminino', 'GRUPO', NULL, 16),
	(17, '2025-09-23 03:21:35', 'FINALIZADA', 0, 0, 0, 0, 0, 2, 1, 1, 4, 'Masculino', 'GRUPO', NULL, 17),
	(18, '2025-09-23 03:21:35', 'FINALIZADA', 3, 2, 0, 0, 0, 22, 2, 1, 2, 'Feminino', 'GRUPO', NULL, 18),
	(19, '2025-09-23 03:51:35', 'FINALIZADA', 0, 1, 0, 0, 0, 3, 1, 1, 4, 'Masculino', 'GRUPO', NULL, 19),
	(20, '2025-09-23 03:51:35', 'FINALIZADA', 4, 2, 0, 0, 0, 23, 2, 1, 2, 'Feminino', 'GRUPO', NULL, 20),
	(21, '2025-09-23 04:21:35', 'FINALIZADA', 2, 1, 0, 0, 0, 19, 2, 1, 2, 'Masculino', 'GRUPO', NULL, 21),
	(22, '2025-09-23 04:21:35', 'FINALIZADA', 4, 4, 0, 0, 0, 12, 1, 1, 4, 'Feminino', 'GRUPO', NULL, 22),
	(23, '2025-09-23 04:51:35', 'FINALIZADA', 1, 1, 0, 0, 0, 20, 2, 1, 2, 'Masculino', 'GRUPO', NULL, 23),
	(24, '2025-09-23 04:51:36', 'FINALIZADA', 2, 4, 0, 0, 0, 13, 1, 1, 4, 'Feminino', 'GRUPO', NULL, 24),
	(25, '2025-09-23 05:21:36', 'FINALIZADA', 2, 4, 0, 0, 0, 14, 2, 1, 2, 'Masculino', 'GRUPO', NULL, 25),
	(26, '2025-09-23 05:21:36', 'FINALIZADA', 4, 1, 0, 0, 0, 7, 1, 1, 4, 'Feminino', 'GRUPO', NULL, 26),
	(27, '2025-09-23 05:51:36', 'FINALIZADA', 3, 0, 0, 0, 0, 15, 2, 1, 2, 'Masculino', 'GRUPO', NULL, 27),
	(28, '2025-09-23 05:51:36', 'FINALIZADA', 0, 4, 0, 0, 0, 8, 1, 1, 4, 'Feminino', 'GRUPO', NULL, 28),
	(29, '2025-09-23 06:21:36', 'FINALIZADA', 2, 3, 0, 0, 0, 16, 2, 1, 2, 'Masculino', 'GRUPO', NULL, 29),
	(30, '2025-09-23 06:21:36', 'FINALIZADA', 4, 2, 0, 0, 0, 9, 1, 1, 4, 'Feminino', 'GRUPO', NULL, 30),
	(31, '2025-09-23 06:51:36', 'FINALIZADA', 1, 1, 0, 0, 0, 3, 1, 1, 4, 'Masculino', 'GRUPO', NULL, 31),
	(32, '2025-09-23 06:51:36', 'FINALIZADA', 3, 1, 0, 0, 0, 23, 2, 1, 2, 'Feminino', 'GRUPO', NULL, 32),
	(33, '2025-09-23 07:21:36', 'FINALIZADA', 3, 2, 0, 0, 0, 4, 1, 1, 4, 'Masculino', 'GRUPO', NULL, 33),
	(34, '2025-09-23 07:21:36', 'FINALIZADA', 3, 1, 0, 0, 0, 24, 2, 1, 2, 'Feminino', 'GRUPO', NULL, 34),
	(35, '2025-09-23 07:51:36', 'FINALIZADA', 1, 3, 0, 0, 0, 5, 1, 1, 4, 'Masculino', 'GRUPO', NULL, 35),
	(36, '2025-09-23 07:51:36', 'FINALIZADA', 2, 1, 0, 0, 0, 25, 2, 1, 2, 'Feminino', 'GRUPO', NULL, 36),
	(37, '2025-09-23 08:21:36', 'FINALIZADA', 4, 0, 0, 0, 0, 6, 1, 1, 4, 'Masculino', 'GRUPO', NULL, 37),
	(38, '2025-09-23 08:21:36', 'FINALIZADA', 3, 3, 0, 0, 0, 26, 2, 1, 2, 'Feminino', 'GRUPO', NULL, 38),
	(39, '2025-09-23 08:51:36', 'FINALIZADA', 2, 0, 0, 0, 0, 1, 1, 1, 4, 'Masculino', 'GRUPO', NULL, 39),
	(40, '2025-09-23 08:51:36', 'FINALIZADA', 1, 4, 0, 0, 0, 21, 2, 1, 2, 'Feminino', 'GRUPO', NULL, 40),
	(41, '2025-09-23 09:21:36', 'FINALIZADA', 0, 3, 0, 0, 0, 17, 2, 1, 2, 'Masculino', 'GRUPO', NULL, 41),
	(42, '2025-09-23 09:21:36', 'FINALIZADA', 1, 1, 0, 0, 0, 10, 1, 1, 4, 'Feminino', 'GRUPO', NULL, 42),
	(43, '2025-09-23 09:51:36', 'FINALIZADA', 1, 2, 0, 0, 0, 18, 2, 1, 2, 'Masculino', 'GRUPO', NULL, 43),
	(44, '2025-09-23 09:51:36', 'FINALIZADA', 0, 0, 0, 0, 0, 11, 1, 1, 4, 'Feminino', 'GRUPO', NULL, 44),
	(45, '2025-09-23 10:21:36', 'FINALIZADA', 1, 1, 0, 0, 0, 19, 2, 1, 2, 'Masculino', 'GRUPO', NULL, 45),
	(46, '2025-09-23 10:21:36', 'FINALIZADA', 1, 4, 0, 0, 0, 12, 1, 1, 4, 'Feminino', 'GRUPO', NULL, 46),
	(47, '2025-09-23 10:51:36', 'FINALIZADA', 1, 2, 0, 0, 0, 20, 2, 1, 2, 'Masculino', 'GRUPO', NULL, 47),
	(48, '2025-09-23 10:51:36', 'FINALIZADA', 1, 4, 0, 0, 0, 13, 1, 1, 4, 'Feminino', 'GRUPO', NULL, 48),
	(49, '2025-09-23 11:21:36', 'FINALIZADA', 4, 4, 0, 0, 0, 14, 2, 1, 2, 'Masculino', 'GRUPO', NULL, 49),
	(50, '2025-09-23 11:21:36', 'FINALIZADA', 1, 4, 0, 0, 0, 7, 1, 1, 4, 'Feminino', 'GRUPO', NULL, 50),
	(51, '2025-09-23 11:51:36', 'FINALIZADA', 1, 4, 0, 0, 0, 1, 1, 1, 4, 'Masculino', 'GRUPO', NULL, 51),
	(52, '2025-09-23 11:51:36', 'FINALIZADA', 0, 4, 0, 0, 0, 21, 2, 1, 2, 'Feminino', 'GRUPO', NULL, 52),
	(53, '2025-09-23 12:21:36', 'FINALIZADA', 1, 0, 0, 0, 0, 2, 1, 1, 4, 'Masculino', 'GRUPO', NULL, 53),
	(54, '2025-09-23 12:21:36', 'FINALIZADA', 2, 4, 0, 0, 0, 22, 2, 1, 2, 'Feminino', 'GRUPO', NULL, 54),
	(55, '2025-09-23 12:51:36', 'FINALIZADA', 1, 1, 0, 0, 0, 2, 1, 1, 4, 'Masculino', 'GRUPO', NULL, 55),
	(56, '2025-09-23 12:51:36', 'FINALIZADA', 3, 1, 0, 0, 0, 22, 2, 1, 2, 'Feminino', 'GRUPO', NULL, 56),
	(57, '2025-09-23 13:21:36', 'FINALIZADA', 4, 0, 0, 0, 0, 3, 1, 1, 4, 'Masculino', 'GRUPO', NULL, 57),
	(58, '2025-09-23 13:21:36', 'FINALIZADA', 1, 1, 0, 0, 0, 23, 2, 1, 2, 'Feminino', 'GRUPO', NULL, 58),
	(59, '2025-09-23 13:51:36', 'FINALIZADA', 3, 3, 0, 0, 0, 3, 1, 1, 4, 'Masculino', 'GRUPO', NULL, 59),
	(60, '2025-09-23 13:51:36', 'FINALIZADA', 0, 3, 0, 0, 0, 23, 2, 1, 2, 'Feminino', 'GRUPO', NULL, 60),
	(61, '2025-09-23 14:21:36', 'FINALIZADA', 3, 1, 0, 0, 0, 15, 2, 1, 2, 'Masculino', 'GRUPO', NULL, 61),
	(62, '2025-09-23 14:21:36', 'FINALIZADA', 3, 3, 0, 0, 0, 8, 1, 1, 4, 'Feminino', 'GRUPO', NULL, 62),
	(63, '2025-09-23 14:51:36', 'FINALIZADA', 4, 1, 0, 0, 0, 16, 2, 1, 2, 'Masculino', 'GRUPO', NULL, 63),
	(64, '2025-09-23 14:51:36', 'FINALIZADA', 1, 4, 0, 0, 0, 9, 1, 1, 4, 'Feminino', 'GRUPO', NULL, 64),
	(65, '2025-09-23 15:21:36', 'FINALIZADA', 4, 2, 0, 0, 0, 17, 2, 1, 2, 'Masculino', 'GRUPO', NULL, 65),
	(66, '2025-09-23 15:21:36', 'FINALIZADA', 3, 3, 0, 0, 0, 10, 1, 1, 4, 'Feminino', 'GRUPO', NULL, 66),
	(67, '2025-09-23 15:51:36', 'FINALIZADA', 4, 4, 0, 0, 0, 18, 2, 1, 2, 'Masculino', 'GRUPO', NULL, 67),
	(68, '2025-09-23 15:51:36', 'FINALIZADA', 1, 4, 0, 0, 0, 11, 1, 1, 4, 'Feminino', 'GRUPO', NULL, 68),
	(69, '2025-09-23 16:21:36', 'FINALIZADA', 2, 0, 0, 0, 0, 19, 2, 1, 2, 'Masculino', 'GRUPO', NULL, 69),
	(70, '2025-09-23 16:21:36', 'FINALIZADA', 1, 0, 0, 0, 0, 12, 1, 1, 4, 'Feminino', 'GRUPO', NULL, 70),
	(71, '2025-09-23 16:51:36', 'FINALIZADA', 4, 4, 0, 0, 0, 4, 1, 1, 4, 'Masculino', 'GRUPO', NULL, 71),
	(72, '2025-09-23 16:51:36', 'FINALIZADA', 0, 4, 0, 0, 0, 24, 2, 1, 2, 'Feminino', 'GRUPO', NULL, 72),
	(73, '2025-09-23 17:21:36', 'FINALIZADA', 0, 0, 0, 0, 0, 5, 1, 1, 4, 'Masculino', 'GRUPO', NULL, 73),
	(74, '2025-09-23 17:21:36', 'FINALIZADA', 2, 3, 0, 0, 0, 25, 2, 1, 2, 'Feminino', 'GRUPO', NULL, 74),
	(75, '2025-09-23 17:51:36', 'FINALIZADA', 0, 2, 0, 0, 0, 6, 1, 1, 4, 'Masculino', 'GRUPO', NULL, 75),
	(76, '2025-09-23 17:51:36', 'FINALIZADA', 3, 1, 0, 0, 0, 26, 2, 1, 2, 'Feminino', 'GRUPO', NULL, 76),
	(77, '2025-09-23 18:21:36', 'FINALIZADA', 2, 2, 0, 0, 0, 1, 1, 1, 4, 'Masculino', 'GRUPO', NULL, 77),
	(78, '2025-09-23 18:21:36', 'FINALIZADA', 2, 0, 0, 0, 0, 21, 2, 1, 2, 'Feminino', 'GRUPO', NULL, 78),
	(79, '2025-09-23 18:51:36', 'FINALIZADA', 1, 2, 0, 0, 0, 1, 1, 1, 4, 'Masculino', 'GRUPO', NULL, 79),
	(80, '2025-09-23 18:51:36', 'FINALIZADA', 2, 4, 0, 0, 0, 21, 2, 1, 2, 'Feminino', 'GRUPO', NULL, 80),
	(81, '2025-09-23 19:21:36', 'FINALIZADA', 2, 1, 0, 0, 0, 20, 2, 1, 2, 'Masculino', 'GRUPO', NULL, 81),
	(82, '2025-09-23 19:21:36', 'FINALIZADA', 4, 4, 0, 0, 0, 13, 1, 1, 4, 'Feminino', 'GRUPO', NULL, 82),
	(83, '2025-09-23 19:51:36', 'FINALIZADA', 1, 4, 0, 0, 0, 2, 1, 1, 4, 'Masculino', 'GRUPO', NULL, 83),
	(84, '2025-09-23 19:51:36', 'FINALIZADA', 0, 4, 0, 0, 0, 22, 2, 1, 2, 'Feminino', 'GRUPO', NULL, 84),
	(85, '2025-09-23 20:21:36', 'FINALIZADA', 2, 4, 0, 0, 0, 2, 1, 1, 4, 'Masculino', 'GRUPO', NULL, 85),
	(86, '2025-09-23 20:21:36', 'FINALIZADA', 1, 2, 0, 0, 0, 22, 2, 1, 2, 'Feminino', 'GRUPO', NULL, 86),
	(87, '2025-09-23 20:51:36', 'FINALIZADA', 2, 2, 0, 0, 0, 3, 1, 1, 4, 'Masculino', 'GRUPO', NULL, 87),
	(88, '2025-09-23 20:51:36', 'FINALIZADA', 0, 2, 0, 0, 0, 23, 2, 1, 2, 'Feminino', 'GRUPO', NULL, 88),
	(89, '2025-09-23 21:21:36', 'FINALIZADA', 3, 4, 0, 0, 0, 3, 1, 1, 4, 'Masculino', 'GRUPO', NULL, 89),
	(90, '2025-09-23 21:21:36', 'FINALIZADA', 0, 1, 0, 0, 0, 23, 2, 1, 2, 'Feminino', 'GRUPO', NULL, 90),
	(91, '2025-09-23 21:51:36', 'FINALIZADA', 1, 2, 0, 0, 0, 4, 1, 1, 4, 'Masculino', 'GRUPO', NULL, 91),
	(92, '2025-09-23 21:51:36', 'FINALIZADA', 4, 4, 0, 0, 0, 24, 2, 1, 2, 'Feminino', 'GRUPO', NULL, 92),
	(93, '2025-09-23 22:21:36', 'FINALIZADA', 3, 2, 0, 0, 0, 5, 1, 1, 4, 'Masculino', 'GRUPO', NULL, 93),
	(94, '2025-09-23 22:21:36', 'FINALIZADA', 1, 3, 0, 0, 0, 25, 2, 1, 2, 'Feminino', 'GRUPO', NULL, 94),
	(95, '2025-09-23 22:51:36', 'FINALIZADA', 2, 1, 0, 0, 0, 6, 1, 1, 4, 'Masculino', 'GRUPO', NULL, 95),
	(96, '2025-09-23 22:51:36', 'FINALIZADA', 4, 1, 0, 0, 0, 26, 2, 1, 2, 'Feminino', 'GRUPO', NULL, 96);

-- Copiando estrutura para tabela tcc_interclasse.partidatime
CREATE TABLE IF NOT EXISTS `partidatime` (
  `fk_id_partida` int(11) NOT NULL,
  `fk_id_time` int(11) NOT NULL,
  `eh_casa` tinyint(1) NOT NULL,
  `resutado_partida` varchar(191) NOT NULL DEFAULT 'PENDENTE',
  `pontos_torneio` int(11) NOT NULL DEFAULT 0,
  PRIMARY KEY (`fk_id_partida`,`fk_id_time`),
  KEY `PartidaTime_fk_id_time_fkey` (`fk_id_time`),
  CONSTRAINT `PartidaTime_fk_id_partida_fkey` FOREIGN KEY (`fk_id_partida`) REFERENCES `partida` (`id_partida`) ON UPDATE CASCADE,
  CONSTRAINT `PartidaTime_fk_id_time_fkey` FOREIGN KEY (`fk_id_time`) REFERENCES `time` (`id_time`) ON UPDATE CASCADE
) ENGINE=InnoDB DEFAULT CHARSET=utf8mb4 COLLATE=utf8mb4_unicode_ci;

-- Copiando dados para a tabela tcc_interclasse.partidatime: ~192 rows (aproximadamente)
INSERT INTO `partidatime` (`fk_id_partida`, `fk_id_time`, `eh_casa`, `resutado_partida`, `pontos_torneio`) VALUES
	(1, 41, 1, 'PERDEDOR', 0),
	(1, 77, 0, 'VENCEDOR', 3),
	(2, 12, 1, 'EMPATE', 1),
	(2, 72, 0, 'EMPATE', 1),
	(3, 53, 1, 'PERDEDOR', 0),
	(3, 69, 0, 'VENCEDOR', 3),
	(4, 32, 1, 'EMPATE', 1),
	(4, 80, 0, 'EMPATE', 1),
	(5, 17, 1, 'EMPATE', 1),
	(5, 57, 0, 'EMPATE', 1),
	(6, 56, 1, 'PERDEDOR', 0),
	(6, 60, 0, 'VENCEDOR', 3),
	(7, 49, 1, 'PERDEDOR', 0),
	(7, 81, 0, 'VENCEDOR', 3),
	(8, 48, 1, 'PERDEDOR', 0),
	(8, 84, 0, 'VENCEDOR', 3),
	(9, 5, 1, 'PERDEDOR', 0),
	(9, 13, 0, 'VENCEDOR', 3),
	(10, 52, 1, 'VENCEDOR', 3),
	(10, 64, 0, 'PERDEDOR', 0),
	(11, 3, 1, 'PERDEDOR', 0),
	(11, 67, 0, 'VENCEDOR', 3),
	(12, 10, 1, 'VENCEDOR', 3),
	(12, 70, 0, 'PERDEDOR', 0),
	(13, 31, 1, 'VENCEDOR', 3),
	(13, 63, 0, 'PERDEDOR', 0),
	(14, 42, 1, 'PERDEDOR', 0),
	(14, 50, 0, 'VENCEDOR', 3),
	(15, 7, 1, 'VENCEDOR', 3),
	(15, 59, 0, 'PERDEDOR', 0),
	(16, 14, 1, 'VENCEDOR', 3),
	(16, 62, 0, 'PERDEDOR', 0),
	(17, 35, 1, 'EMPATE', 1),
	(17, 55, 0, 'EMPATE', 1),
	(18, 30, 1, 'VENCEDOR', 3),
	(18, 54, 0, 'PERDEDOR', 0),
	(19, 11, 1, 'PERDEDOR', 0),
	(19, 83, 0, 'VENCEDOR', 3),
	(20, 2, 1, 'VENCEDOR', 3),
	(20, 66, 0, 'PERDEDOR', 0),
	(21, 37, 1, 'VENCEDOR', 3),
	(21, 73, 0, 'PERDEDOR', 0),
	(22, 36, 1, 'EMPATE', 1),
	(22, 76, 0, 'EMPATE', 1),
	(23, 61, 1, 'EMPATE', 1),
	(23, 65, 0, 'EMPATE', 1),
	(24, 40, 1, 'PERDEDOR', 0),
	(24, 68, 0, 'VENCEDOR', 3),
	(25, 29, 1, 'PERDEDOR', 0),
	(25, 41, 0, 'VENCEDOR', 3),
	(26, 8, 1, 'VENCEDOR', 3),
	(26, 12, 0, 'PERDEDOR', 0),
	(27, 25, 1, 'VENCEDOR', 3),
	(27, 53, 0, 'PERDEDOR', 0),
	(28, 16, 1, 'PERDEDOR', 0),
	(28, 32, 0, 'VENCEDOR', 3),
	(29, 9, 1, 'PERDEDOR', 0),
	(29, 17, 0, 'VENCEDOR', 3),
	(30, 44, 1, 'VENCEDOR', 3),
	(30, 56, 0, 'PERDEDOR', 0),
	(31, 39, 1, 'EMPATE', 1),
	(31, 71, 0, 'EMPATE', 1),
	(32, 18, 1, 'VENCEDOR', 3),
	(32, 58, 0, 'PERDEDOR', 0),
	(33, 47, 1, 'VENCEDOR', 3),
	(33, 75, 0, 'PERDEDOR', 0),
	(34, 26, 1, 'VENCEDOR', 3),
	(34, 74, 0, 'PERDEDOR', 0),
	(35, 51, 1, 'PERDEDOR', 0),
	(35, 79, 0, 'VENCEDOR', 3),
	(36, 78, 1, 'VENCEDOR', 3),
	(36, 82, 0, 'PERDEDOR', 0),
	(37, 19, 1, 'VENCEDOR', 3),
	(37, 27, 0, 'PERDEDOR', 0),
	(38, 38, 1, 'EMPATE', 1),
	(38, 46, 0, 'EMPATE', 1),
	(39, 3, 1, 'VENCEDOR', 3),
	(39, 31, 0, 'PERDEDOR', 0),
	(40, 10, 1, 'PERDEDOR', 0),
	(40, 42, 0, 'VENCEDOR', 3),
	(41, 45, 1, 'PERDEDOR', 0),
	(41, 49, 0, 'VENCEDOR', 3),
	(42, 4, 1, 'EMPATE', 1),
	(42, 48, 0, 'EMPATE', 1),
	(43, 1, 1, 'PERDEDOR', 0),
	(43, 5, 0, 'VENCEDOR', 3),
	(44, 28, 1, 'EMPATE', 1),
	(44, 52, 0, 'EMPATE', 1),
	(45, 21, 1, 'EMPATE', 1),
	(45, 37, 0, 'EMPATE', 1),
	(46, 24, 1, 'PERDEDOR', 0),
	(46, 36, 0, 'VENCEDOR', 3),
	(47, 33, 1, 'PERDEDOR', 0),
	(47, 61, 0, 'VENCEDOR', 3),
	(48, 20, 1, 'PERDEDOR', 0),
	(48, 40, 0, 'VENCEDOR', 3),
	(49, 29, 1, 'EMPATE', 1),
	(49, 77, 0, 'EMPATE', 1),
	(50, 8, 1, 'PERDEDOR', 0),
	(50, 72, 0, 'VENCEDOR', 3),
	(51, 63, 1, 'PERDEDOR', 0),
	(51, 67, 0, 'VENCEDOR', 3),
	(52, 50, 1, 'PERDEDOR', 0),
	(52, 70, 0, 'VENCEDOR', 3),
	(53, 7, 1, 'VENCEDOR', 3),
	(53, 35, 0, 'PERDEDOR', 0),
	(54, 14, 1, 'PERDEDOR', 0),
	(54, 30, 0, 'VENCEDOR', 3),
	(55, 55, 1, 'EMPATE', 1),
	(55, 59, 0, 'EMPATE', 1),
	(56, 54, 1, 'VENCEDOR', 3),
	(56, 62, 0, 'PERDEDOR', 0),
	(57, 11, 1, 'VENCEDOR', 3),
	(57, 39, 0, 'PERDEDOR', 0),
	(58, 2, 1, 'EMPATE', 1),
	(58, 18, 0, 'EMPATE', 1),
	(59, 71, 1, 'EMPATE', 1),
	(59, 83, 0, 'EMPATE', 1),
	(60, 58, 1, 'PERDEDOR', 0),
	(60, 66, 0, 'VENCEDOR', 3),
	(61, 25, 1, 'VENCEDOR', 3),
	(61, 69, 0, 'PERDEDOR', 0),
	(62, 16, 1, 'EMPATE', 1),
	(62, 80, 0, 'EMPATE', 1),
	(63, 9, 1, 'VENCEDOR', 3),
	(63, 57, 0, 'PERDEDOR', 0),
	(64, 44, 1, 'PERDEDOR', 0),
	(64, 60, 0, 'VENCEDOR', 3),
	(65, 45, 1, 'VENCEDOR', 3),
	(65, 81, 0, 'PERDEDOR', 0),
	(66, 4, 1, 'EMPATE', 1),
	(66, 84, 0, 'EMPATE', 1),
	(67, 1, 1, 'EMPATE', 1),
	(67, 13, 0, 'EMPATE', 1),
	(68, 28, 1, 'PERDEDOR', 0),
	(68, 64, 0, 'VENCEDOR', 3),
	(69, 21, 1, 'VENCEDOR', 3),
	(69, 73, 0, 'PERDEDOR', 0),
	(70, 24, 1, 'VENCEDOR', 3),
	(70, 76, 0, 'PERDEDOR', 0),
	(71, 43, 1, 'EMPATE', 1),
	(71, 47, 0, 'EMPATE', 1),
	(72, 22, 1, 'PERDEDOR', 0),
	(72, 26, 0, 'VENCEDOR', 3),
	(73, 23, 1, 'EMPATE', 1),
	(73, 51, 0, 'EMPATE', 1),
	(74, 6, 1, 'PERDEDOR', 0),
	(74, 78, 0, 'VENCEDOR', 3),
	(75, 15, 1, 'PERDEDOR', 0),
	(75, 19, 0, 'VENCEDOR', 3),
	(76, 34, 1, 'VENCEDOR', 3),
	(76, 38, 0, 'PERDEDOR', 0),
	(77, 3, 1, 'EMPATE', 1),
	(77, 63, 0, 'EMPATE', 1),
	(78, 10, 1, 'VENCEDOR', 3),
	(78, 50, 0, 'PERDEDOR', 0),
	(79, 31, 0, 'VENCEDOR', 3),
	(79, 67, 1, 'PERDEDOR', 0),
	(80, 42, 0, 'VENCEDOR', 3),
	(80, 70, 1, 'PERDEDOR', 0),
	(81, 33, 1, 'VENCEDOR', 3),
	(81, 65, 0, 'PERDEDOR', 0),
	(82, 20, 1, 'EMPATE', 1),
	(82, 68, 0, 'EMPATE', 1),
	(83, 7, 1, 'PERDEDOR', 0),
	(83, 55, 0, 'VENCEDOR', 3),
	(84, 14, 1, 'PERDEDOR', 0),
	(84, 54, 0, 'VENCEDOR', 3),
	(85, 35, 0, 'VENCEDOR', 3),
	(85, 59, 1, 'PERDEDOR', 0),
	(86, 30, 0, 'VENCEDOR', 3),
	(86, 62, 1, 'PERDEDOR', 0),
	(87, 11, 1, 'EMPATE', 1),
	(87, 71, 0, 'EMPATE', 1),
	(88, 2, 1, 'PERDEDOR', 0),
	(88, 58, 0, 'VENCEDOR', 3),
	(89, 39, 0, 'VENCEDOR', 3),
	(89, 83, 1, 'PERDEDOR', 0),
	(90, 18, 0, 'VENCEDOR', 3),
	(90, 66, 1, 'PERDEDOR', 0),
	(91, 43, 1, 'PERDEDOR', 0),
	(91, 75, 0, 'VENCEDOR', 3),
	(92, 22, 1, 'EMPATE', 1),
	(92, 74, 0, 'EMPATE', 1),
	(93, 23, 1, 'VENCEDOR', 3),
	(93, 79, 0, 'PERDEDOR', 0),
	(94, 6, 1, 'PERDEDOR', 0),
	(94, 82, 0, 'VENCEDOR', 3),
	(95, 15, 1, 'VENCEDOR', 3),
	(95, 27, 0, 'PERDEDOR', 0),
	(96, 34, 1, 'VENCEDOR', 3),
	(96, 46, 0, 'PERDEDOR', 0);

-- Copiando estrutura para tabela tcc_interclasse.time
CREATE TABLE IF NOT EXISTS `time` (
  `id_time` int(11) NOT NULL AUTO_INCREMENT,
  `nome_time` varchar(100) NOT NULL,
  `sala_time` varchar(10) NOT NULL,
  `fk_id_curso` int(11) NOT NULL,
  `fk_id_categoria` int(11) NOT NULL,
  `fk_id_torneio` int(11) NOT NULL,
  PRIMARY KEY (`id_time`),
  KEY `Time_fk_id_curso_fkey` (`fk_id_curso`),
  KEY `Time_fk_id_categoria_fkey` (`fk_id_categoria`),
  KEY `Time_fk_id_torneio_fkey` (`fk_id_torneio`),
  CONSTRAINT `Time_fk_id_categoria_fkey` FOREIGN KEY (`fk_id_categoria`) REFERENCES `categoria` (`id_categoria`) ON UPDATE CASCADE,
  CONSTRAINT `Time_fk_id_curso_fkey` FOREIGN KEY (`fk_id_curso`) REFERENCES `curso` (`id_curso`) ON UPDATE CASCADE,
  CONSTRAINT `Time_fk_id_torneio_fkey` FOREIGN KEY (`fk_id_torneio`) REFERENCES `torneio` (`id_torneio`) ON UPDATE CASCADE
) ENGINE=InnoDB AUTO_INCREMENT=85 DEFAULT CHARSET=utf8mb4 COLLATE=utf8mb4_unicode_ci;

-- Copiando dados para a tabela tcc_interclasse.time: ~84 rows (aproximadamente)
INSERT INTO `time` (`id_time`, `nome_time`, `sala_time`, `fk_id_curso`, `fk_id_categoria`, `fk_id_torneio`) VALUES
	(1, '1ºDS', '1º', 1, 1, 1),
	(2, '1ºDS', '1º', 1, 2, 1),
	(3, '1ºDS', '1º', 1, 3, 1),
	(4, '1ºDS', '1º', 1, 4, 1),
	(5, '2ºDS', '2º', 1, 1, 1),
	(6, '2ºDS', '2º', 1, 2, 1),
	(7, '2ºDS', '2º', 1, 3, 1),
	(8, '2ºDS', '2º', 1, 4, 1),
	(9, '3ºDS', '3º', 1, 1, 1),
	(10, '3ºDS', '3º', 1, 2, 1),
	(11, '3ºDS', '3º', 1, 3, 1),
	(12, '3ºDS', '3º', 1, 4, 1),
	(13, '1ºETEL', '1º', 2, 1, 1),
	(14, '1ºETEL', '1º', 2, 2, 1),
	(15, '1ºETEL', '1º', 2, 3, 1),
	(16, '1ºETEL', '1º', 2, 4, 1),
	(17, '2ºETEL', '2º', 2, 1, 1),
	(18, '2ºETEL', '2º', 2, 2, 1),
	(19, '2ºETEL', '2º', 2, 3, 1),
	(20, '2ºETEL', '2º', 2, 4, 1),
	(21, '3ºETEL', '3º', 2, 1, 1),
	(22, '3ºETEL', '3º', 2, 2, 1),
	(23, '3ºETEL', '3º', 2, 3, 1),
	(24, '3ºETEL', '3º', 2, 4, 1),
	(25, '1ºEVE', '1º', 3, 1, 1),
	(26, '1ºEVE', '1º', 3, 2, 1),
	(27, '1ºEVE', '1º', 3, 3, 1),
	(28, '1ºEVE', '1º', 3, 4, 1),
	(29, '2ºEVE', '2º', 3, 1, 1),
	(30, '2ºEVE', '2º', 3, 2, 1),
	(31, '2ºEVE', '2º', 3, 3, 1),
	(32, '2ºEVE', '2º', 3, 4, 1),
	(33, '3ºEVE', '3º', 3, 1, 1),
	(34, '3ºEVE', '3º', 3, 2, 1),
	(35, '3ºEVE', '3º', 3, 3, 1),
	(36, '3ºEVE', '3º', 3, 4, 1),
	(37, '1ºETIQ', '1º', 4, 1, 1),
	(38, '1ºETIQ', '1º', 4, 2, 1),
	(39, '1ºETIQ', '1º', 4, 3, 1),
	(40, '1ºETIQ', '1º', 4, 4, 1),
	(41, '2ºETIQ', '2º', 4, 1, 1),
	(42, '2ºETIQ', '2º', 4, 2, 1),
	(43, '2ºETIQ', '2º', 4, 3, 1),
	(44, '2ºETIQ', '2º', 4, 4, 1),
	(45, '3ºETIQ', '3º', 4, 1, 1),
	(46, '3ºETIQ', '3º', 4, 2, 1),
	(47, '3ºETIQ', '3º', 4, 3, 1),
	(48, '3ºETIQ', '3º', 4, 4, 1),
	(49, '1ºHUM', '1º', 5, 1, 1),
	(50, '1ºHUM', '1º', 5, 2, 1),
	(51, '1ºHUM', '1º', 5, 3, 1),
	(52, '1ºHUM', '1º', 5, 4, 1),
	(53, '2ºHUM', '2º', 5, 1, 1),
	(54, '2ºHUM', '2º', 5, 2, 1),
	(55, '2ºHUM', '2º', 5, 3, 1),
	(56, '2ºHUM', '2º', 5, 4, 1),
	(57, '3ºHUM', '3º', 5, 1, 1),
	(58, '3ºHUM', '3º', 5, 2, 1),
	(59, '3ºHUM', '3º', 5, 3, 1),
	(60, '3ºHUM', '3º', 5, 4, 1),
	(61, '1ºEDA', '1º', 6, 1, 1),
	(62, '1ºEDA', '1º', 6, 2, 1),
	(63, '1ºEDA', '1º', 6, 3, 1),
	(64, '1ºEDA', '1º', 6, 4, 1),
	(65, '2ºEDA', '2º', 6, 1, 1),
	(66, '2ºEDA', '2º', 6, 2, 1),
	(67, '2ºEDA', '2º', 6, 3, 1),
	(68, '2ºEDA', '2º', 6, 4, 1),
	(69, '3ºEDA', '3º', 6, 1, 1),
	(70, '3ºEDA', '3º', 6, 2, 1),
	(71, '3ºEDA', '3º', 6, 3, 1),
	(72, '3ºEDA', '3º', 6, 4, 1),
	(73, '1ºADA', '1º', 7, 1, 1),
	(74, '1ºADA', '1º', 7, 2, 1),
	(75, '1ºADA', '1º', 7, 3, 1),
	(76, '1ºADA', '1º', 7, 4, 1),
	(77, '2ºADA', '2º', 7, 1, 1),
	(78, '2ºADA', '2º', 7, 2, 1),
	(79, '2ºADA', '2º', 7, 3, 1),
	(80, '2ºADA', '2º', 7, 4, 1),
	(81, '3ºADA', '3º', 7, 1, 1),
	(82, '3ºADA', '3º', 7, 2, 1),
	(83, '3ºADA', '3º', 7, 3, 1),
	(84, '3ºADA', '3º', 7, 4, 1);

-- Copiando estrutura para tabela tcc_interclasse.time_jogadores
CREATE TABLE IF NOT EXISTS `time_jogadores` (
  `fk_id_time` int(11) NOT NULL,
  `fk_id_jogador` int(11) NOT NULL,
  `numero_camisa` int(11) NOT NULL,
  PRIMARY KEY (`fk_id_time`,`fk_id_jogador`),
  KEY `Time_Jogadores_fk_id_jogador_fkey` (`fk_id_jogador`),
  CONSTRAINT `Time_Jogadores_fk_id_jogador_fkey` FOREIGN KEY (`fk_id_jogador`) REFERENCES `jogador` (`id_jogador`) ON UPDATE CASCADE,
  CONSTRAINT `Time_Jogadores_fk_id_time_fkey` FOREIGN KEY (`fk_id_time`) REFERENCES `time` (`id_time`) ON UPDATE CASCADE
) ENGINE=InnoDB DEFAULT CHARSET=utf8mb4 COLLATE=utf8mb4_unicode_ci;

-- Copiando dados para a tabela tcc_interclasse.time_jogadores: ~546 rows (aproximadamente)
INSERT INTO `time_jogadores` (`fk_id_time`, `fk_id_jogador`, `numero_camisa`) VALUES
	(1, 1, 1),
	(1, 2, 2),
	(1, 3, 3),
	(1, 4, 4),
	(1, 5, 5),
	(1, 6, 6),
	(2, 16, 1),
	(2, 17, 2),
	(2, 18, 3),
	(2, 19, 4),
	(2, 20, 5),
	(2, 21, 6),
	(3, 1, 1),
	(3, 2, 2),
	(3, 3, 3),
	(3, 4, 4),
	(3, 5, 5),
	(3, 6, 6),
	(3, 7, 7),
	(4, 16, 1),
	(4, 17, 2),
	(4, 18, 3),
	(4, 19, 4),
	(4, 20, 5),
	(4, 21, 6),
	(4, 22, 7),
	(5, 31, 1),
	(5, 32, 2),
	(5, 33, 3),
	(5, 34, 4),
	(5, 35, 5),
	(5, 36, 6),
	(6, 46, 1),
	(6, 47, 2),
	(6, 48, 3),
	(6, 49, 4),
	(6, 50, 5),
	(6, 51, 6),
	(7, 31, 1),
	(7, 32, 2),
	(7, 33, 3),
	(7, 34, 4),
	(7, 35, 5),
	(7, 36, 6),
	(7, 37, 7),
	(8, 46, 1),
	(8, 47, 2),
	(8, 48, 3),
	(8, 49, 4),
	(8, 50, 5),
	(8, 51, 6),
	(8, 52, 7),
	(9, 61, 1),
	(9, 62, 2),
	(9, 63, 3),
	(9, 64, 4),
	(9, 65, 5),
	(9, 66, 6),
	(10, 76, 1),
	(10, 77, 2),
	(10, 78, 3),
	(10, 79, 4),
	(10, 80, 5),
	(10, 81, 6),
	(11, 61, 1),
	(11, 62, 2),
	(11, 63, 3),
	(11, 64, 4),
	(11, 65, 5),
	(11, 66, 6),
	(11, 67, 7),
	(12, 76, 1),
	(12, 77, 2),
	(12, 78, 3),
	(12, 79, 4),
	(12, 80, 5),
	(12, 81, 6),
	(12, 82, 7),
	(13, 91, 1),
	(13, 92, 2),
	(13, 93, 3),
	(13, 94, 4),
	(13, 95, 5),
	(13, 96, 6),
	(14, 106, 1),
	(14, 107, 2),
	(14, 108, 3),
	(14, 109, 4),
	(14, 110, 5),
	(14, 111, 6),
	(15, 91, 1),
	(15, 92, 2),
	(15, 93, 3),
	(15, 94, 4),
	(15, 95, 5),
	(15, 96, 6),
	(15, 97, 7),
	(16, 106, 1),
	(16, 107, 2),
	(16, 108, 3),
	(16, 109, 4),
	(16, 110, 5),
	(16, 111, 6),
	(16, 112, 7),
	(17, 121, 1),
	(17, 122, 2),
	(17, 123, 3),
	(17, 124, 4),
	(17, 125, 5),
	(17, 126, 6),
	(18, 136, 1),
	(18, 137, 2),
	(18, 138, 3),
	(18, 139, 4),
	(18, 140, 5),
	(18, 141, 6),
	(19, 121, 1),
	(19, 122, 2),
	(19, 123, 3),
	(19, 124, 4),
	(19, 125, 5),
	(19, 126, 6),
	(19, 127, 7),
	(20, 136, 1),
	(20, 137, 2),
	(20, 138, 3),
	(20, 139, 4),
	(20, 140, 5),
	(20, 141, 6),
	(20, 142, 7),
	(21, 151, 1),
	(21, 152, 2),
	(21, 153, 3),
	(21, 154, 4),
	(21, 155, 5),
	(21, 156, 6),
	(22, 166, 1),
	(22, 167, 2),
	(22, 168, 3),
	(22, 169, 4),
	(22, 170, 5),
	(22, 171, 6),
	(23, 151, 1),
	(23, 152, 2),
	(23, 153, 3),
	(23, 154, 4),
	(23, 155, 5),
	(23, 156, 6),
	(23, 157, 7),
	(24, 166, 1),
	(24, 167, 2),
	(24, 168, 3),
	(24, 169, 4),
	(24, 170, 5),
	(24, 171, 6),
	(24, 172, 7),
	(25, 181, 1),
	(25, 182, 2),
	(25, 183, 3),
	(25, 184, 4),
	(25, 185, 5),
	(25, 186, 6),
	(26, 196, 1),
	(26, 197, 2),
	(26, 198, 3),
	(26, 199, 4),
	(26, 200, 5),
	(26, 201, 6),
	(27, 181, 1),
	(27, 182, 2),
	(27, 183, 3),
	(27, 184, 4),
	(27, 185, 5),
	(27, 186, 6),
	(27, 187, 7),
	(28, 196, 1),
	(28, 197, 2),
	(28, 198, 3),
	(28, 199, 4),
	(28, 200, 5),
	(28, 201, 6),
	(28, 202, 7),
	(29, 211, 1),
	(29, 212, 2),
	(29, 213, 3),
	(29, 214, 4),
	(29, 215, 5),
	(29, 216, 6),
	(30, 226, 1),
	(30, 227, 2),
	(30, 228, 3),
	(30, 229, 4),
	(30, 230, 5),
	(30, 231, 6),
	(31, 211, 1),
	(31, 212, 2),
	(31, 213, 3),
	(31, 214, 4),
	(31, 215, 5),
	(31, 216, 6),
	(31, 217, 7),
	(32, 226, 1),
	(32, 227, 2),
	(32, 228, 3),
	(32, 229, 4),
	(32, 230, 5),
	(32, 231, 6),
	(32, 232, 7),
	(33, 241, 1),
	(33, 242, 2),
	(33, 243, 3),
	(33, 244, 4),
	(33, 245, 5),
	(33, 246, 6),
	(34, 256, 1),
	(34, 257, 2),
	(34, 258, 3),
	(34, 259, 4),
	(34, 260, 5),
	(34, 261, 6),
	(35, 241, 1),
	(35, 242, 2),
	(35, 243, 3),
	(35, 244, 4),
	(35, 245, 5),
	(35, 246, 6),
	(35, 247, 7),
	(36, 256, 1),
	(36, 257, 2),
	(36, 258, 3),
	(36, 259, 4),
	(36, 260, 5),
	(36, 261, 6),
	(36, 262, 7),
	(37, 271, 1),
	(37, 272, 2),
	(37, 273, 3),
	(37, 274, 4),
	(37, 275, 5),
	(37, 276, 6),
	(38, 286, 1),
	(38, 287, 2),
	(38, 288, 3),
	(38, 289, 4),
	(38, 290, 5),
	(38, 291, 6),
	(39, 271, 1),
	(39, 272, 2),
	(39, 273, 3),
	(39, 274, 4),
	(39, 275, 5),
	(39, 276, 6),
	(39, 277, 7),
	(40, 286, 1),
	(40, 287, 2),
	(40, 288, 3),
	(40, 289, 4),
	(40, 290, 5),
	(40, 291, 6),
	(40, 292, 7),
	(41, 301, 1),
	(41, 302, 2),
	(41, 303, 3),
	(41, 304, 4),
	(41, 305, 5),
	(41, 306, 6),
	(42, 316, 1),
	(42, 317, 2),
	(42, 318, 3),
	(42, 319, 4),
	(42, 320, 5),
	(42, 321, 6),
	(43, 301, 1),
	(43, 302, 2),
	(43, 303, 3),
	(43, 304, 4),
	(43, 305, 5),
	(43, 306, 6),
	(43, 307, 7),
	(44, 316, 1),
	(44, 317, 2),
	(44, 318, 3),
	(44, 319, 4),
	(44, 320, 5),
	(44, 321, 6),
	(44, 322, 7),
	(45, 331, 1),
	(45, 332, 2),
	(45, 333, 3),
	(45, 334, 4),
	(45, 335, 5),
	(45, 336, 6),
	(46, 346, 1),
	(46, 347, 2),
	(46, 348, 3),
	(46, 349, 4),
	(46, 350, 5),
	(46, 351, 6),
	(47, 331, 1),
	(47, 332, 2),
	(47, 333, 3),
	(47, 334, 4),
	(47, 335, 5),
	(47, 336, 6),
	(47, 337, 7),
	(48, 346, 1),
	(48, 347, 2),
	(48, 348, 3),
	(48, 349, 4),
	(48, 350, 5),
	(48, 351, 6),
	(48, 352, 7),
	(49, 361, 1),
	(49, 362, 2),
	(49, 363, 3),
	(49, 364, 4),
	(49, 365, 5),
	(49, 366, 6),
	(50, 376, 1),
	(50, 377, 2),
	(50, 378, 3),
	(50, 379, 4),
	(50, 380, 5),
	(50, 381, 6),
	(51, 361, 1),
	(51, 362, 2),
	(51, 363, 3),
	(51, 364, 4),
	(51, 365, 5),
	(51, 366, 6),
	(51, 367, 7),
	(52, 376, 1),
	(52, 377, 2),
	(52, 378, 3),
	(52, 379, 4),
	(52, 380, 5),
	(52, 381, 6),
	(52, 382, 7),
	(53, 391, 1),
	(53, 392, 2),
	(53, 393, 3),
	(53, 394, 4),
	(53, 395, 5),
	(53, 396, 6),
	(54, 406, 1),
	(54, 407, 2),
	(54, 408, 3),
	(54, 409, 4),
	(54, 410, 5),
	(54, 411, 6),
	(55, 391, 1),
	(55, 392, 2),
	(55, 393, 3),
	(55, 394, 4),
	(55, 395, 5),
	(55, 396, 6),
	(55, 397, 7),
	(56, 406, 1),
	(56, 407, 2),
	(56, 408, 3),
	(56, 409, 4),
	(56, 410, 5),
	(56, 411, 6),
	(56, 412, 7),
	(57, 421, 1),
	(57, 422, 2),
	(57, 423, 3),
	(57, 424, 4),
	(57, 425, 5),
	(57, 426, 6),
	(58, 436, 1),
	(58, 437, 2),
	(58, 438, 3),
	(58, 439, 4),
	(58, 440, 5),
	(58, 441, 6),
	(59, 421, 1),
	(59, 422, 2),
	(59, 423, 3),
	(59, 424, 4),
	(59, 425, 5),
	(59, 426, 6),
	(59, 427, 7),
	(60, 436, 1),
	(60, 437, 2),
	(60, 438, 3),
	(60, 439, 4),
	(60, 440, 5),
	(60, 441, 6),
	(60, 442, 7),
	(61, 451, 1),
	(61, 452, 2),
	(61, 453, 3),
	(61, 454, 4),
	(61, 455, 5),
	(61, 456, 6),
	(62, 466, 1),
	(62, 467, 2),
	(62, 468, 3),
	(62, 469, 4),
	(62, 470, 5),
	(62, 471, 6),
	(63, 451, 1),
	(63, 452, 2),
	(63, 453, 3),
	(63, 454, 4),
	(63, 455, 5),
	(63, 456, 6),
	(63, 457, 7),
	(64, 466, 1),
	(64, 467, 2),
	(64, 468, 3),
	(64, 469, 4),
	(64, 470, 5),
	(64, 471, 6),
	(64, 472, 7),
	(65, 481, 1),
	(65, 482, 2),
	(65, 483, 3),
	(65, 484, 4),
	(65, 485, 5),
	(65, 486, 6),
	(66, 496, 1),
	(66, 497, 2),
	(66, 498, 3),
	(66, 499, 4),
	(66, 500, 5),
	(66, 501, 6),
	(67, 481, 1),
	(67, 482, 2),
	(67, 483, 3),
	(67, 484, 4),
	(67, 485, 5),
	(67, 486, 6),
	(67, 487, 7),
	(68, 496, 1),
	(68, 497, 2),
	(68, 498, 3),
	(68, 499, 4),
	(68, 500, 5),
	(68, 501, 6),
	(68, 502, 7),
	(69, 511, 1),
	(69, 512, 2),
	(69, 513, 3),
	(69, 514, 4),
	(69, 515, 5),
	(69, 516, 6),
	(70, 526, 1),
	(70, 527, 2),
	(70, 528, 3),
	(70, 529, 4),
	(70, 530, 5),
	(70, 531, 6),
	(71, 511, 1),
	(71, 512, 2),
	(71, 513, 3),
	(71, 514, 4),
	(71, 515, 5),
	(71, 516, 6),
	(71, 517, 7),
	(72, 526, 1),
	(72, 527, 2),
	(72, 528, 3),
	(72, 529, 4),
	(72, 530, 5),
	(72, 531, 6),
	(72, 532, 7),
	(73, 541, 1),
	(73, 542, 2),
	(73, 543, 3),
	(73, 544, 4),
	(73, 545, 5),
	(73, 546, 6),
	(74, 556, 1),
	(74, 557, 2),
	(74, 558, 3),
	(74, 559, 4),
	(74, 560, 5),
	(74, 561, 6),
	(75, 541, 1),
	(75, 542, 2),
	(75, 543, 3),
	(75, 544, 4),
	(75, 545, 5),
	(75, 546, 6),
	(75, 547, 7),
	(76, 556, 1),
	(76, 557, 2),
	(76, 558, 3),
	(76, 559, 4),
	(76, 560, 5),
	(76, 561, 6),
	(76, 562, 7),
	(77, 571, 1),
	(77, 572, 2),
	(77, 573, 3),
	(77, 574, 4),
	(77, 575, 5),
	(77, 576, 6),
	(78, 586, 1),
	(78, 587, 2),
	(78, 588, 3),
	(78, 589, 4),
	(78, 590, 5),
	(78, 591, 6),
	(79, 571, 1),
	(79, 572, 2),
	(79, 573, 3),
	(79, 574, 4),
	(79, 575, 5),
	(79, 576, 6),
	(79, 577, 7),
	(80, 586, 1),
	(80, 587, 2),
	(80, 588, 3),
	(80, 589, 4),
	(80, 590, 5),
	(80, 591, 6),
	(80, 592, 7),
	(81, 601, 1),
	(81, 602, 2),
	(81, 603, 3),
	(81, 604, 4),
	(81, 605, 5),
	(81, 606, 6),
	(82, 616, 1),
	(82, 617, 2),
	(82, 618, 3),
	(82, 619, 4),
	(82, 620, 5),
	(82, 621, 6),
	(83, 601, 1),
	(83, 602, 2),
	(83, 603, 3),
	(83, 604, 4),
	(83, 605, 5),
	(83, 606, 6),
	(83, 607, 7),
	(84, 616, 1),
	(84, 617, 2),
	(84, 618, 3),
	(84, 619, 4),
	(84, 620, 5),
	(84, 621, 6),
	(84, 622, 7);

-- Copiando estrutura para tabela tcc_interclasse.torneio
CREATE TABLE IF NOT EXISTS `torneio` (
  `id_torneio` int(11) NOT NULL AUTO_INCREMENT,
  `nome_torneio` varchar(200) NOT NULL,
  `status_torneio` varchar(20) NOT NULL,
  `inicio_torneio` datetime NOT NULL,
  `fim_torneio` datetime NOT NULL,
  PRIMARY KEY (`id_torneio`)
) ENGINE=InnoDB AUTO_INCREMENT=2 DEFAULT CHARSET=utf8mb4 COLLATE=utf8mb4_unicode_ci;

-- Copiando dados para a tabela tcc_interclasse.torneio: ~1 rows (aproximadamente)
INSERT INTO `torneio` (`id_torneio`, `nome_torneio`, `status_torneio`, `inicio_torneio`, `fim_torneio`) VALUES
	(1, 'Meio do Ano 2024', 'EM ANDAMENTO', '2024-05-15 11:00:00', '2024-06-15 21:00:00');

-- Copiando estrutura para tabela tcc_interclasse.torneio_modalidades
CREATE TABLE IF NOT EXISTS `torneio_modalidades` (
  `fk_id_torneio` int(11) NOT NULL,
  `fk_id_modalidade` int(11) NOT NULL,
  PRIMARY KEY (`fk_id_torneio`,`fk_id_modalidade`),
  KEY `Torneio_Modalidades_fk_id_modalidade_fkey` (`fk_id_modalidade`),
  CONSTRAINT `Torneio_Modalidades_fk_id_modalidade_fkey` FOREIGN KEY (`fk_id_modalidade`) REFERENCES `modalidade` (`id_modalidade`) ON UPDATE CASCADE,
  CONSTRAINT `Torneio_Modalidades_fk_id_torneio_fkey` FOREIGN KEY (`fk_id_torneio`) REFERENCES `torneio` (`id_torneio`) ON UPDATE CASCADE
) ENGINE=InnoDB DEFAULT CHARSET=utf8mb4 COLLATE=utf8mb4_unicode_ci;

-- Copiando dados para a tabela tcc_interclasse.torneio_modalidades: ~0 rows (aproximadamente)

-- Copiando estrutura para tabela tcc_interclasse.usuario
CREATE TABLE IF NOT EXISTS `usuario` (
  `id_usuario` int(11) NOT NULL AUTO_INCREMENT,
  `nome_usuario` varchar(70) NOT NULL,
  `email_usuario` varchar(70) NOT NULL,
  `senha_hash` varchar(255) NOT NULL,
  PRIMARY KEY (`id_usuario`),
  UNIQUE KEY `Usuario_email_usuario_key` (`email_usuario`)
) ENGINE=InnoDB DEFAULT CHARSET=utf8mb4 COLLATE=utf8mb4_unicode_ci;

-- Copiando dados para a tabela tcc_interclasse.usuario: ~0 rows (aproximadamente)

/*!40103 SET TIME_ZONE=IFNULL(@OLD_TIME_ZONE, 'system') */;
/*!40101 SET SQL_MODE=IFNULL(@OLD_SQL_MODE, '') */;
/*!40014 SET FOREIGN_KEY_CHECKS=IFNULL(@OLD_FOREIGN_KEY_CHECKS, 1) */;
/*!40101 SET CHARACTER_SET_CLIENT=@OLD_CHARACTER_SET_CLIENT */;
/*!40111 SET SQL_NOTES=IFNULL(@OLD_SQL_NOTES, 1) */;
